"job_url","title","company","location","scrape_date","scrape_time"
"https://in.indeed.com/viewjob?jk=8a6bb0507eba5bbf","Data Engineer/ETL Developer","Princeton IT America","KA, IN","2025-07-16","12:23:55"
"https://www.linkedin.com/jobs/view/4265959832","2702- Data Engineer","EXL","Pune, Maharashtra, India","2025-07-16","12:23:55"
"https://www.linkedin.com/jobs/view/4267652354","Data Engineer","SatSure","Bangalore Urban, Karnataka, India","2025-07-16","12:23:55"
"https://www.linkedin.com/jobs/view/4267647369","DevOps/Cloud Engineer","BayOne Solutions","Bengaluru, Karnataka, India","2025-07-16","12:23:55"
"https://www.linkedin.com/jobs/view/4265960423","AI Developer – Immediate Joiners Only","Perimattic","Mumbai, Maharashtra, India","2025-07-16","12:23:55"
"https://www.linkedin.com/jobs/view/4267649182","GCP Cloud Engineer","People Prime Worldwide","Bengaluru, Karnataka, India","2025-07-16","12:23:55"
"https://www.linkedin.com/jobs/view/4267638758","Big Data Engineer (5+ Years)","MindBrain","","2025-07-16","12:23:55"
"https://in.indeed.com/viewjob?jk=8a6bb0507eba5bbf","Data Engineer/ETL Developer","Princeton IT America","KA, IN","2025-07-16","12:25:03"
"https://www.linkedin.com/jobs/view/4265967568","DevOps Engineer","Wipro","Pune, Maharashtra, India","2025-07-16","12:25:03"
"https://www.linkedin.com/jobs/view/4265959832","2702- Data Engineer","EXL","Pune, Maharashtra, India","2025-07-16","12:25:03"
"https://www.linkedin.com/jobs/view/4249180302","DevOps Consultant","Coforge","Pune, Maharashtra, India","2025-07-16","12:25:03"
"https://www.linkedin.com/jobs/view/4267652354","Data Engineer","SatSure","Bangalore Urban, Karnataka, India","2025-07-16","12:25:03"
"https://www.linkedin.com/jobs/view/4267647369","DevOps/Cloud Engineer","BayOne Solutions","Bengaluru, Karnataka, India","2025-07-16","12:25:03"
"https://www.linkedin.com/jobs/view/4260779687","Senior Data Engineer","Coforge","Pune, Maharashtra, India","2025-07-16","12:25:03"
"https://www.linkedin.com/jobs/view/4265956399","Data Engineer","CloudStakes Technology Pvt. Ltd.","Hyderabad, Telangana, India","2025-07-16","12:25:03"
"https://www.linkedin.com/jobs/view/4267649182","GCP Cloud Engineer","People Prime Worldwide","Bengaluru, Karnataka, India","2025-07-16","12:25:03"
"https://www.linkedin.com/jobs/view/4265957121","Senior DevOps Engineer – GCP","Celestibia Solutions Pvt","Pune, Maharashtra, India","2025-07-16","12:25:03"
"https://in.indeed.com/viewjob?jk=8a6bb0507eba5bbf","Data Engineer/ETL Developer","Princeton IT America","KA, IN","2025-07-16","12:26:16"
"https://www.linkedin.com/jobs/view/4249180302","DevOps Consultant","Coforge","Pune, Maharashtra, India","2025-07-16","12:26:16"
"https://www.linkedin.com/jobs/view/4265964624","Machine Learning Engineer","ThoughtSol Infotech Pvt. Ltd","Noida, Uttar Pradesh, India","2025-07-16","12:26:16"
"https://www.linkedin.com/jobs/view/4265967568","DevOps Engineer","Wipro","Pune, Maharashtra, India","2025-07-16","12:26:16"
"https://www.linkedin.com/jobs/view/4265959832","2702- Data Engineer","EXL","Pune, Maharashtra, India","2025-07-16","12:26:16"
"https://www.linkedin.com/jobs/view/4267650921","Data Engineer - Java, ETL","Indium","Bengaluru, Karnataka, India","2025-07-16","12:26:16"
"https://www.linkedin.com/jobs/view/4267652354","Data Engineer","SatSure","Bangalore Urban, Karnataka, India","2025-07-16","12:26:16"
"https://www.linkedin.com/jobs/view/4267647369","DevOps/Cloud Engineer","BayOne Solutions","Bengaluru, Karnataka, India","2025-07-16","12:26:16"
"https://www.linkedin.com/jobs/view/4267639935","Azure Devops, API Mangement","People Prime Worldwide","Hyderabad, Telangana, India","2025-07-16","12:26:16"
"https://www.linkedin.com/jobs/view/4267649182","GCP Cloud Engineer","People Prime Worldwide","Bengaluru, Karnataka, India","2025-07-16","12:26:16"
"https://in.indeed.com/viewjob?jk=8a6bb0507eba5bbf","Data Engineer/ETL Developer","Princeton IT America","KA, IN","2025-07-16","12:27:24"
"https://www.linkedin.com/jobs/view/4265967568","DevOps Engineer","Wipro","Pune, Maharashtra, India","2025-07-16","12:27:24"
"https://www.linkedin.com/jobs/view/4265959832","2702- Data Engineer","EXL","Pune, Maharashtra, India","2025-07-16","12:27:24"
"https://www.linkedin.com/jobs/view/4267650921","Data Engineer - Java, ETL","Indium","Bengaluru, Karnataka, India","2025-07-16","12:27:24"
"https://www.linkedin.com/jobs/view/4267652354","Data Engineer","SatSure","Bangalore Urban, Karnataka, India","2025-07-16","12:27:24"
"https://www.linkedin.com/jobs/view/4267649182","GCP Cloud Engineer","People Prime Worldwide","Bengaluru, Karnataka, India","2025-07-16","12:27:24"
"https://in.indeed.com/viewjob?jk=8a6bb0507eba5bbf","Data Engineer/ETL Developer","Princeton IT America","KA, IN","2025-07-16","12:28:37"
"https://www.linkedin.com/jobs/view/4267646432","Machine Learning Engineer – 2","HYrEzy Tech Solutions","Bengaluru, Karnataka, India","2025-07-16","12:28:37"
"https://www.linkedin.com/jobs/view/4265959832","2702- Data Engineer","EXL","Pune, Maharashtra, India","2025-07-16","12:28:37"
"https://www.linkedin.com/jobs/view/4267650954","Data Engineer (MS-SQL Server)","Adastra","","2025-07-16","12:28:37"
"https://www.linkedin.com/jobs/view/4267640716","Machine Learning & AI Engineer","Objectways","Chennai, Tamil Nadu, India","2025-07-16","12:28:37"
"https://www.linkedin.com/jobs/view/4264307083","Data Engineer- Snowflake","Prudent Technologies and Consulting, Inc.","Hyderabad, Telangana, India","2025-07-16","12:28:37"
"https://www.linkedin.com/jobs/view/4265961834","2638 - Snowflake Data Engineer","EXL","Pune, Maharashtra, India","2025-07-16","12:28:37"
"https://www.linkedin.com/jobs/view/4261122417","Sr Machine Learning Engineer","PayPal","Tondiarpet, Tamil Nadu, India","2025-07-16","12:28:37"
"https://www.linkedin.com/jobs/view/4267657183","AI Engineers","BlueHorse Software","Midnapore, West Bengal, India","2025-07-16","12:44:51"
"https://www.linkedin.com/jobs/view/4267654647","Senior Gen AI Engineer","Apptware","Pune, Maharashtra, India","2025-07-16","12:44:51"
"https://www.linkedin.com/jobs/view/4265962876","DevOps Engineer | Surveillance SRE | Senior Associate","Macquarie Group","Hyderabad, Telangana, India","2025-07-16","12:44:51"
"https://www.linkedin.com/jobs/view/4102752120","Staff Software Engineer I (Devops, Site Reliability Engineering)","Blue Yonder","Bengaluru East, Karnataka, India","2025-07-16","12:44:51"
"https://www.linkedin.com/jobs/view/4267044546","Data Engineer - Pyspark, AWS, AVP","NatWest Group","Gurugram, Haryana, India","2025-07-16","12:44:51"
"https://www.linkedin.com/jobs/view/4267046295","Data Engineer - Pyspark, AWS, AVP","NatWest Group","Bengaluru, Karnataka, India","2025-07-16","12:44:51"
"https://www.linkedin.com/jobs/view/4265970057","DevOps Engineer | Surveillance SRE | Manager","Macquarie Group","Hyderabad, Telangana, India","2025-07-16","12:44:51"
"https://www.linkedin.com/jobs/view/4262563083","Manager_AWS DevOps Engineer_Kubernetes, Helm Chart, ArgoCD, Terraform_Bangalore","VOIS","Pune, Maharashtra, India","2025-07-16","12:45:54"
"https://www.linkedin.com/jobs/view/4267655980","Senior DevOps Engineer","CG-VAK Software & Exports Ltd.","Coimbatore, Tamil Nadu, India","2025-07-16","12:45:54"
"https://in.indeed.com/viewjob?jk=a9ceb7832f87a11e","DevOps Engineer","Wikilabs","KA, IN","2025-07-16","12:46:57"
"https://www.linkedin.com/jobs/view/4265970392","GCP Data Engineer","SiGa Systems","Pune, Maharashtra, India","2025-07-16","12:48:58"
"https://www.linkedin.com/jobs/view/4265960306","Senior NLP Engineer","SiftHub","","2025-07-16","12:48:58"
"https://www.linkedin.com/jobs/view/4265964714","Oracle DevOps Fusion Technical Senior","Johnson Controls","Bengaluru, Karnataka, India","2025-07-16","12:48:58"
"https://www.linkedin.com/jobs/view/4267655007","Data Engineer","Andor Tech","Mumbai, Maharashtra, India","2025-07-16","12:51:10"
"https://www.linkedin.com/jobs/view/4267662154","Data Engineer","PayPay India","Gurugram, Haryana, India","2025-07-16","12:51:10"
"https://www.linkedin.com/jobs/view/4267654317","Senior AI Engineer","Xerago","Chennai, Tamil Nadu, India","2025-07-16","12:51:10"
"https://www.linkedin.com/jobs/view/4265970354","DevOps Engineer","AiSensy","Gurugram, Haryana, India","2025-07-16","12:51:10"
"https://www.linkedin.com/jobs/view/4267659666","Senior  Cloud Engineer","Zenith Services Inc.","Bengaluru, Karnataka, India","2025-07-16","12:51:10"
"https://www.linkedin.com/jobs/view/4267657740","Senior Data Engineer IICS- 7 years ( Immediate Joiner )","ResourceTree Global Services Pvt Ltd","Chennai, Tamil Nadu, India","2025-07-16","12:51:10"
"https://www.linkedin.com/jobs/view/4267662083","Data Engineer-Python & Pyspark & GIS-Onsite Hyderabad-Long term contract","ideaHelix","Hyderabad, Telangana, India","2025-07-16","12:52:16"
"https://www.linkedin.com/jobs/view/4267652780","Azure Data Engineer","Nisum","Hyderabad, Telangana, India","2025-07-16","12:52:16"
"https://www.linkedin.com/jobs/view/4267661520","Data Engineer(Strong Python & Pyspark Coding)","ideaHelix","Hyderabad, Telangana, India","2025-07-16","12:53:15"
"https://www.linkedin.com/jobs/view/4265961959","GCP Data Engineer","SiGa Systems","Pune, Maharashtra, India","2025-07-16","12:53:15"
"https://www.linkedin.com/jobs/view/4265973058","Lead Data Engineer","ClanX","Mumbai, Maharashtra, India","2025-07-16","12:54:27"
"https://www.linkedin.com/jobs/view/4267650826","Lead Data Engineer – Healthcare Domain Specialist","OptimHire","Bengaluru, Karnataka, India","2025-07-16","12:54:34"
"https://www.linkedin.com/jobs/view/4267655533","Data Engineer","Populace World Solutions","Pune, Maharashtra, India","2025-07-16","13:03:22"
"https://www.linkedin.com/jobs/view/4202147111","Business Intelligence Developer/Data Engineer","RAPIDD Technologies","Bengaluru, Karnataka, India","2025-07-16","13:03:22"
"https://www.linkedin.com/jobs/view/4267659684","Data Engineer","Vserv Infosystems Private Limited","Noida, Uttar Pradesh, India","2025-07-16","13:03:22"
"https://www.linkedin.com/jobs/view/4267056401","DevOps Engineer","VLink Inc","Noida, Uttar Pradesh, India","2025-07-16","13:03:22"
"https://www.linkedin.com/jobs/view/4265962980","GCP Data Engineer","SiGa Systems","","2025-07-16","13:03:22"
"https://www.linkedin.com/jobs/view/4265962542","Senior DevOps Engineer","Kombee","Surat, Gujarat, India","2025-07-16","13:03:22"
"https://www.linkedin.com/jobs/view/4267661577","Lead Data Engineer-Python + Pyspark + AWS + GIS + Palantir-Onsite/Hyderabad","ideaHelix","Hyderabad, Telangana, India","2025-07-16","13:03:22"
"https://www.linkedin.com/jobs/view/4261893213","GEN AI ENGINEER","Ascendion","Bengaluru, Karnataka, India","2025-07-16","13:04:22"
"https://www.linkedin.com/jobs/view/4267656919","AI Specialist – AI Agent Development","Brand Raga","Bengaluru, Karnataka, India","2025-07-16","13:04:22"
"https://www.linkedin.com/jobs/view/4267655198","Senior Machine Learning Engineer","TrueFan AI","Gurugram, Haryana, India","2025-07-16","13:04:22"
"https://www.linkedin.com/jobs/view/4267660365","Cloud Engineer","Workforce247","Ahmedabad, Gujarat, India","2025-07-16","13:07:10"
"https://www.linkedin.com/jobs/view/4260880099","DevOps Engineer","Webologix Ltd/ INC","Noida, Uttar Pradesh, India","2025-07-16","13:11:28"
"https://www.linkedin.com/jobs/view/4267665336","Data Engineer","Prakhar Software Solutions Ltd.","Bengaluru, Karnataka, India","2025-07-16","13:13:16"
"https://www.linkedin.com/jobs/view/4267660786","Data Engineer (Oracle Analytics Cloud/OCI Big Data)","Leuwint Technologies","Gurugram, Haryana, India","2025-07-16","13:13:16"
"https://www.linkedin.com/jobs/view/4265965371","Senior .NET Developer +Azure Devops(Mandatory) ||  10+Years(Immediate Joiners Only)","Zcodia Technologies","Chennai, Tamil Nadu, India","2025-07-16","13:13:16"
"https://www.linkedin.com/jobs/view/4267668037","GCP Data engineer - Contract","Gravity Infosolutions","","2025-07-16","13:13:49"
"https://www.linkedin.com/jobs/view/4267661953","GCP Data Engineer-Contract","Gravity Infosolutions","","2025-07-16","13:15:41"
"https://www.linkedin.com/jobs/view/4267662596","AI Engineer - Azure AI","Prism Cloud Consulting Inc.","","2025-07-16","13:15:50"
"https://www.linkedin.com/jobs/view/4267657923","Lead Data Scientist","Saarthee","Bangalore Urban, Karnataka, India","2025-07-16","13:17:44"
"https://www.linkedin.com/jobs/view/4267662699","Data Engineer - GCP","Marktine Technology Solutions Pvt Ltd","","2025-07-16","13:17:44"
"https://www.linkedin.com/jobs/view/4265977043","Office 365 & EMS Services - Digital Cloud Engineer","Sonata Software","Bengaluru, Karnataka, India","2025-07-16","13:19:03"
"https://www.linkedin.com/jobs/view/4267666251","Senior Data Engineer","Ascendion","Hyderabad, Telangana, India","2025-07-16","13:19:03"
"https://www.linkedin.com/jobs/view/4267667352","AI Engineer – Autonomous Agent Developer","SpacePepper Studios","New Delhi, Delhi, India","2025-07-16","13:19:20"
"https://www.linkedin.com/jobs/view/4267650754","Sr. AWS Data Engineer","Exavalu","Kolkata, West Bengal, India","2025-07-16","13:21:14"
"https://www.linkedin.com/jobs/view/4267654904","Director / Senior Director, AI Data Engineer","TP","","2025-07-16","13:23:27"
"https://www.linkedin.com/jobs/view/4232298592","Data Engineer II /Sr Data Engineer","HiLabs","Bengaluru, Karnataka, India","2025-07-16","13:25:15"
"https://www.linkedin.com/jobs/view/4265967257","Senior AI Engineer (5+ Years Exp) – Immediate Joiners Only","Perimattic","Mumbai, Maharashtra, India","2025-07-16","13:25:15"
"https://www.linkedin.com/jobs/view/4017779094","Sr. DevOps Engineer","HiLabs","Pune, Maharashtra, India","2025-07-16","13:27:37"
"https://www.linkedin.com/jobs/view/4267055199","Gen AI Specialist - Agent Framework - 100% Remote","VGreen Technology Solutions (VGreenTEK)","Trivandrum, Kerala, India","2025-07-16","13:27:37"
"https://www.linkedin.com/jobs/view/4267668395","Gen AI Engineer+.Net Core","NTek Software Solutions","Hyderabad, Telangana, India","2025-07-16","13:30:05"
"https://www.linkedin.com/jobs/view/4267666607","Gen AI Developer","Tata Consultancy Services","Hyderabad, Telangana, India","2025-07-16","13:30:05"
"https://www.linkedin.com/jobs/view/4267666133","Machine Learning Engineer","YO IT Group","Bengaluru, Karnataka, India","2025-07-16","13:31:54"
"https://www.linkedin.com/jobs/view/4267062000","Remote Contract GCP Data Engineer","h3 Technologies, LLC","","2025-07-16","13:34:01"
"https://in.indeed.com/viewjob?jk=f44823f2869ee9a0","DevOps Engineer","Webvio Technologies Pvt Ltd","WB, IN","2025-07-16","15:23:47"
"https://in.indeed.com/viewjob?jk=884bec2d25781807","Lead DevOps Engineer","Innover Digital","KA, IN","2025-07-16","15:23:47"
"https://in.indeed.com/viewjob?jk=7556ec9c650de3d8","Senior DevOps Engineer","WLC TECHNOLOGY LLP","Remote, IN","2025-07-16","15:23:47"
"https://in.indeed.com/viewjob?jk=aa87fd848f583376","Cloud Engineer","Innover Digital","UP, IN","2025-07-16","15:23:47"
"https://www.linkedin.com/jobs/view/4259175974","Data Scientist (Python, LLM, Tensorflow / Scikit) - Immediate Joiners","Grid Dynamics","Hyderabad, Telangana, India","2025-07-16","15:23:47"
"https://www.linkedin.com/jobs/view/4267674346","Data Engineer","L&T Technology Services","Bengaluru, Karnataka, India","2025-07-16","15:23:47"
"https://www.linkedin.com/jobs/view/4265974754","Data Engineer","Synechron","Pune, Maharashtra, India","2025-07-16","15:23:47"
"https://www.linkedin.com/jobs/view/4267301904","Software Development Engineer II - Azure Data Engineering","Tesco Bengaluru","Bengaluru, Karnataka, India","2025-07-16","15:23:47"
"https://www.linkedin.com/jobs/view/4266148764","Senior Machine Learning Engineer","Hub-AI Technologies","Bengaluru, Karnataka, India","2025-07-16","15:23:47"
"https://www.linkedin.com/jobs/view/4265976116","DevOps Engineer","myGwork - LGBTQ+ Business Community","Hyderabad, Telangana, India","2025-07-16","15:23:47"
"https://www.linkedin.com/jobs/view/4267674567","Senior Data Engineer","USEReady","Bangalore Urban, Karnataka, India","2025-07-16","15:23:47"
"https://www.linkedin.com/jobs/view/4267070068","Machine Learning Engineer","Uplers","Hyderabad, Telangana, India","2025-07-16","15:23:47"
"https://www.linkedin.com/jobs/view/4267677378","Generative AI Engineer","Tata Consultancy Services","Bengaluru, Karnataka, India","2025-07-16","15:25:10"
"https://www.linkedin.com/jobs/view/4267676584","SRE DevOps Engineer","Zensar Technologies","Pune, Maharashtra, India","2025-07-16","15:25:10"
"https://www.linkedin.com/jobs/view/4267673568","Azure DevOps Consultant","SpeedMart","Pune, Maharashtra, India","2025-07-16","15:25:10"
"https://www.linkedin.com/jobs/view/4267060448","Data Engineer – Python (freelancer)","Soul AI","","2025-07-16","15:26:30"
"https://www.linkedin.com/jobs/view/4267672210","Generative AI Engineer","Recro","Gurugram, Haryana, India","2025-07-16","15:26:30"
"https://www.linkedin.com/jobs/view/4267677122","DevOps Engineer","XLNC Technologies","Mumbai, Maharashtra, India","2025-07-16","15:26:30"
"https://www.linkedin.com/jobs/view/4265978927","Cloud Engineer","RPA Infotech India Pvt Ltd.","Bengaluru, Karnataka, India","2025-07-16","15:26:30"
"https://www.linkedin.com/jobs/view/4255914893","Sr. Data Engineer","Gartner","Gurgaon, Haryana, India","2025-07-16","15:26:30"
"https://www.linkedin.com/jobs/view/4267062549","Senior Cloud Engineer II - SRE [T500-19212]","Marriott Tech Accelerator","Hyderabad, Telangana, India","2025-07-16","15:26:30"
"https://www.linkedin.com/jobs/view/4267064219","Data Engineer","Weekday AI (YC W21)","Bengaluru, Karnataka, India","2025-07-16","15:27:48"
"https://www.linkedin.com/jobs/view/4267674544","Sr. Data Engineer","Concord","Pune, Maharashtra, India","2025-07-16","15:27:48"
"https://www.linkedin.com/jobs/view/4265980287","AI Engineer ($25,000 - $75,000)","CodeRound AI","","2025-07-16","15:29:16"
"https://www.linkedin.com/jobs/view/4194772263","BI & Data Warehouse Data Engineer","Astellas Pharma","Bengaluru, Karnataka, India","2025-07-16","15:29:16"
"https://www.linkedin.com/jobs/view/4255921273","Sr. Data Engineer","Gartner","Chennai, Tamil Nadu, India","2025-07-16","15:29:16"
"https://www.linkedin.com/jobs/view/4226004502","Senior DevOps Engineer I","Planview","Bengaluru, Karnataka, India","2025-07-16","15:29:16"
"https://www.linkedin.com/jobs/view/4267632539","Snowflake Data Engineer","PibyThree","Pune, Maharashtra, India","2025-07-16","15:29:16"
"https://www.linkedin.com/jobs/view/4255718868","Jr. Cloud Engineer","Aptos Retail","Bengaluru, Karnataka, India","2025-07-16","15:30:24"
"https://www.linkedin.com/jobs/view/4229274658","Data Engineer","Cummins India","Pune, Maharashtra, India","2025-07-16","15:30:24"
"https://www.linkedin.com/jobs/view/4267678038","DevOps Intern","Vimaan","Bengaluru, Karnataka, India","2025-07-16","15:30:24"
"https://www.linkedin.com/jobs/view/4256072288","Senior Systems Engineer - Data DevOps/MLOps","EPAM Systems","Gurugram, Haryana, India","2025-07-16","15:31:29"
"https://www.linkedin.com/jobs/view/4267671837","Cloud Data Engineering - Databricks","Zensar Technologies","Bengaluru, Karnataka, India","2025-07-16","15:32:46"
"https://www.linkedin.com/jobs/view/4265984494","Generative 3D AI Developer for BIM: India (Pune Preferred)","NeoBIM GmbH","Pune, Maharashtra, India","2025-07-16","15:32:46"
"https://www.linkedin.com/jobs/view/4189403289","Data Engineer","Thomson Reuters","Hyderabad, Telangana, India","2025-07-16","15:33:59"
"https://www.linkedin.com/jobs/view/4265980906","DevOps Engineer (Remote, Full-Time)","Smart Working","Chennai, Tamil Nadu, India","2025-07-16","15:33:59"
"https://www.linkedin.com/jobs/view/4265983488","DevOps Engineer","Zipnom","Hyderabad, Telangana, India","2025-07-16","15:33:59"
"https://www.linkedin.com/jobs/view/4265968641","Data Engineer III","myGwork - LGBTQ+ Business Community","Bengaluru, Karnataka, India","2025-07-16","15:33:59"
"https://www.linkedin.com/jobs/view/4267677151","Data Engineer","Logesys Solutions India Pvt. Ltd","Bengaluru, Karnataka, India","2025-07-16","15:35:15"
"https://www.linkedin.com/jobs/view/4240047071","Software Engineer IV - Sr. Databricks ETL/Data Engineer","Candescent","Hyderabad, Telangana, India","2025-07-16","15:35:15"
"https://www.linkedin.com/jobs/view/4198554418","Senior Data Engineer Job","YASH Technologies","Pune, Maharashtra, India","2025-07-16","15:35:15"
"https://www.linkedin.com/jobs/view/4243548560","Senior Staff Software Development Engineer - DevOps","Zscaler","Bengaluru East, Karnataka, India","2025-07-16","15:35:15"
"https://www.linkedin.com/jobs/view/4265972305","Data Engineer","myGwork - LGBTQ+ Business Community","Bengaluru, Karnataka, India","2025-07-16","15:35:15"
"https://www.linkedin.com/jobs/view/4243807918","Senior Cloud Engineer, Cloud Platform","Kinaxis","Chennai, Tamil Nadu, India","2025-07-16","15:35:15"
"https://in.indeed.com/viewjob?jk=dd2e59d0daa69783","Azure DevOps Engineer","Talent Crafters","Remote, IN","2025-07-16","11:26:47"
"https://www.linkedin.com/jobs/view/4242870499","Junior Data Engineer","Zelestra","Gurugram, Haryana, India","2025-07-16","11:26:47"
"https://www.linkedin.com/jobs/view/4255542219","Data Engineer (Bigdata + Java/Python)","Visa","Bengaluru, Karnataka, India","2025-07-16","11:26:47"
"https://www.linkedin.com/jobs/view/4255762104","DevOps Engineer - Noida","NeoXam","Noida, Uttar Pradesh, India","2025-07-16","11:26:47"
"https://www.linkedin.com/jobs/view/4267690199","DevOps Engineer","LTIMindtree","Pune, Maharashtra, India","2025-07-16","11:26:47"
"https://www.linkedin.com/jobs/view/4226472162","Senior Data Engineer","BitGo","Bengaluru, Karnataka, India","2025-07-16","11:26:47"
"https://www.linkedin.com/jobs/view/4228945275","Staff Software Development Engineer - DevOps","Zscaler","Bengaluru East, Karnataka, India","2025-07-16","11:26:47"
"https://www.linkedin.com/jobs/view/4267639861","Data Engineer","LORVEN SOFTTECH","Bengaluru, Karnataka, India","2025-07-16","11:26:47"
"https://www.linkedin.com/jobs/view/4267074579","Sr Staff Cloud Engineer","GE HealthCare","Bengaluru, Karnataka, India","2025-07-16","11:26:47"
"https://www.linkedin.com/jobs/view/4256074049","Senior Systems Engineer - Data DevOps/MLOps","EPAM Systems","Bangalore Urban, Karnataka, India","2025-07-16","11:26:47"
"https://www.linkedin.com/jobs/view/4267654088","AI Engineer  (Computer Vision/ Data Science)","DIMAAG","Bangalore Urban, Karnataka, India","2025-07-16","11:26:47"
"https://www.linkedin.com/jobs/view/4267689416","Senior Data Engineer - cloud data services - Python,Spark, Hadoop, Hive, Kafka","AutomatonsX","","2025-07-16","11:26:47"
"https://www.linkedin.com/jobs/view/4267079770","DevOps Engineer","Kotak Mahindra Bank","Hyderabad, Telangana, India","2025-07-16","11:32:17"
"https://www.linkedin.com/jobs/view/4210707325","Platform DevOps Engineer (100% REMOTE)","Live Nation Entertainment","Gurugram, Haryana, India","2025-07-16","11:32:17"
"https://www.linkedin.com/jobs/view/4256067133","Member of Technical Staff (DevOps)","ThoughtSpot","Hyderabad, Telangana, India","2025-07-16","11:32:17"
"https://www.linkedin.com/jobs/view/4265989275","Associate Data Scientist","AlgoAnalytics","Pune, Maharashtra, India","2025-07-16","11:32:17"
"https://www.linkedin.com/jobs/view/4240052369","DevOps Engineer","HID","Chennai, Tamil Nadu, India","2025-07-16","11:32:17"
"https://www.linkedin.com/jobs/view/4267677840","DevOps Engineer","Movate","Hyderabad, Telangana, India","2025-07-16","11:32:17"
"https://www.linkedin.com/jobs/view/4267680204","Data Engineer","Axcello Consulting Inc.","Hyderabad, Telangana, India","2025-07-16","11:32:17"
"https://www.linkedin.com/jobs/view/4257261196","Senior Data Engineer-Hyderabad(Hybrid)","Uplers","","2025-07-16","11:32:17"
"https://in.indeed.com/viewjob?jk=1b04a136cd0699e4","DevOps & Cloud Engineer","Violet Infosystems Private Limited","MH, IN","2025-07-16","11:42:04"
"https://in.indeed.com/viewjob?jk=39ca6f762f6e5a8a","Principal DevOps Engineer","Autodesk","KA, IN","2025-07-16","11:42:04"
"https://in.indeed.com/viewjob?jk=640df4ac3796586e","Cloud Engineer Intern","B. M. Infotrade Pvt. Ltd.","RJ, IN","2025-07-16","11:42:04"
"https://www.linkedin.com/jobs/view/4255953714","Data Engineer","Stratacent","Pune, Maharashtra, India","2025-07-16","11:42:04"
"https://www.linkedin.com/jobs/view/4255596256","Cloud engineer - GCP and Azure - GO/JC/446/2025","Golden Opportunities","Bengaluru, Karnataka, India","2025-07-16","11:42:04"
"https://www.linkedin.com/jobs/view/4256045385","AI Engineer II","Skillsoft","Hyderabad, Telangana, India","2025-07-16","11:42:04"
"https://www.linkedin.com/jobs/view/4253967871","Data Engineer-Python,PySpark,SQL ,Spark Architecture,Azure Databricks","Siemens Healthineers","Bengaluru, Karnataka, India","2025-07-16","11:42:04"
"https://www.linkedin.com/jobs/view/4267689034","Data Engineer","HireAlpha","Hyderabad, Telangana, India","2025-07-16","11:42:04"
"https://www.linkedin.com/jobs/view/4267077021","Senior AWS Data Engineer","Zimetrics","Pune, Maharashtra, India","2025-07-16","11:42:04"
"https://www.linkedin.com/jobs/view/4257258020","Senior Frontend Engineer – Data Visualization & Analytics","Weekday (YC W21)","Mumbai, Maharashtra, India","2025-07-16","11:42:04"
"https://www.linkedin.com/jobs/view/4267675951","Senior Data Engineer","Nisum","Bhubaneswar, Odisha, India","2025-07-16","11:42:04"
"https://www.linkedin.com/jobs/view/4265990704","Senior Data Engineer","TalentON Technology Services","","2025-07-16","11:42:04"
"https://www.linkedin.com/jobs/view/4267679003","Data Engineer- Snowflakes,Pyspark, Snowflake and dbt","Trivecta Digital","Chennai, Tamil Nadu, India","2025-07-16","11:46:07"
"https://www.linkedin.com/jobs/view/4265988399","Azure Data Engineer","ZS","Pune, Maharashtra, India","2025-07-16","11:50:55"
"https://www.linkedin.com/jobs/view/4265991889","Data Engineer","IntraEdge","","2025-07-16","11:50:55"
"https://www.linkedin.com/jobs/view/4226445708","Sr. Software Engineer - Public Cloud Engineering","Workday","","2025-07-16","11:50:55"
"https://www.linkedin.com/jobs/view/4267077290","AI Engineer","GE HealthCare","Bengaluru, Karnataka, India","2025-07-16","11:50:55"
"https://www.linkedin.com/jobs/view/4267081148","data engineer II","Concentrix Limited Company","Gurugram, Haryana, India","2025-07-16","11:50:55"
"https://www.linkedin.com/jobs/view/4255270502","Senior AI Engineer (Agentic AI Focus)","Tech9","","2025-07-16","11:50:55"
"https://www.linkedin.com/jobs/view/4267694478","Data Engineer","NeoStats","Bengaluru, Karnataka, India","2025-07-16","11:50:55"
"https://www.linkedin.com/jobs/view/4267082280","Senior Data Engineer","Numerator","Vadodara, Gujarat, India","2025-07-16","11:50:55"
"https://www.linkedin.com/jobs/view/4211271131","Principal Cloud Engineer","Tide","","2025-07-16","11:56:42"
"https://www.linkedin.com/jobs/view/4267671974","Cloud Data Engineer","Lemongrass","","2025-07-16","11:56:42"
"https://www.linkedin.com/jobs/view/4265992400","Data Engineer-Business Intelligence","IBM","Pune, Maharashtra, India","2025-07-16","11:56:42"
"https://www.linkedin.com/jobs/view/4255731221","Cloud Sr. Software Engineer DevOps","Virtusa","Andhra Pradesh, India","2025-07-16","11:56:42"
"https://in.indeed.com/viewjob?jk=d371b125fd24d41d","DevOps Engineer","Arin Tech ","CH, IN","2025-07-16","12:48:56"
"https://www.linkedin.com/jobs/view/4265996376","DevOps Engineer","Persistent Systems","Bengaluru, Karnataka, India","2025-07-16","12:48:56"
"https://www.linkedin.com/jobs/view/4265992678","Machine Learning Engineer","ThoughtSol Infotech Pvt. Ltd","Noida, Uttar Pradesh, India","2025-07-16","12:48:56"
"https://www.linkedin.com/jobs/view/4267693026","DevOps Engineer","DHL","Indore, Madhya Pradesh, India","2025-07-16","12:48:56"
"https://www.linkedin.com/jobs/view/4267087048","DevOps Engineer -AWS","Capgemini","Coimbatore, Tamil Nadu, India","2025-07-16","12:48:56"
"https://www.linkedin.com/jobs/view/4240051440","DevOps Engineer","HID","Chennai, Tamil Nadu, India","2025-07-16","12:48:56"
"https://www.linkedin.com/jobs/view/4261122424","Sr Machine Learning Engineer","PayPal","Bengaluru, Karnataka, India","2025-07-16","12:48:56"
"https://www.linkedin.com/jobs/view/4266680044","Senior Data Engineer","Faurecia","Pune, Maharashtra, India","2025-07-16","12:48:56"
"https://www.linkedin.com/jobs/view/4267697303","5+ YoE Data Engineer – PySpark/Spark Scala with Cloud & SQL - Immediate Joiner - Pune","UST","Pune, Maharashtra, India","2025-07-16","12:48:56"
"https://www.linkedin.com/jobs/view/4239989423","Senior DevOps Engineer","LSEG","Bengaluru, Karnataka, India","2025-07-16","12:48:56"
"https://in.indeed.com/viewjob?jk=5844a8ccd67939b8","AWS DevOps Engineer","Dataviv Media Network","HR, IN","2025-07-16","13:38:47"
"https://in.indeed.com/viewjob?jk=4f9a2c0bf59d1555","Senior Staff Cloud DevOps Engineer","Experian","TS, IN","2025-07-16","13:38:47"
"https://www.linkedin.com/jobs/view/4256044292","Machine Learning Engineer L4","Twilio","","2025-07-16","13:38:47"
"https://www.linkedin.com/jobs/view/4254319177","DevOps Engineer","Sapiens","Bengaluru, Karnataka, India","2025-07-16","13:38:47"
"https://www.linkedin.com/jobs/view/4266402388","Machine Learning Engineer","KeyValue Software Systems","Kochi, Kerala, India","2025-07-16","13:38:47"
"https://www.linkedin.com/jobs/view/4267699949","DevOps Engineer","va2pt.com","Dwarka, Delhi, India","2025-07-16","13:38:47"
"https://www.linkedin.com/jobs/view/4267695662","GenAI Developer","EliteRecruitments","","2025-07-16","13:38:47"
"https://www.linkedin.com/jobs/view/4255768307","Director, Data Engineering-R-251209","Mastercard","Pune, Maharashtra, India","2025-07-16","13:38:47"
"https://www.linkedin.com/jobs/view/4256822541","Prototyping Architect, Prototyping and Cloud Engineering (PACE)","Amazon Web Services (AWS)","Mumbai, Maharashtra, India","2025-07-16","13:38:47"
"https://www.linkedin.com/jobs/view/4267695579","Machine Learning Engineer (Vertex AI + Flutter Exposure)","The TDIT Group","Gurugram, Haryana, India","2025-07-16","13:38:47"
"https://www.linkedin.com/jobs/view/4267695570","5+ YoE - Data Engineer – PySpark/Spark Scala with Cloud & SQL - Immediate Joiner - Noida","UST","Noida, Uttar Pradesh, India","2025-07-16","13:38:47"
"https://in.indeed.com/viewjob?jk=7df285f2004fc397","AWS DevOps Engineer","4Bell Technology","TN, IN","2025-07-16","14:21:03"
"https://in.indeed.com/viewjob?jk=d06335a983100800","Devops Engineer","Paxbridge Management services Pvt Ltd","GJ, IN","2025-07-16","14:21:03"
"https://www.linkedin.com/jobs/view/4256041389","Machine Learning Engineer (L2)","Twilio","","2025-07-16","14:21:03"
"https://www.linkedin.com/jobs/view/4159493649","Big Data Engineer - P50","Adobe","Bengaluru, Karnataka, India","2025-07-16","14:21:03"
"https://www.linkedin.com/jobs/view/4240034654","Data Engineer-Data Platforms-Google","IBM","Hyderabad, Telangana, India","2025-07-16","14:21:03"
"https://www.linkedin.com/jobs/view/4227262871","Software Development Engineer Devops II","TELUS Digital","Bengaluru, Karnataka, India","2025-07-16","14:21:03"
"https://www.linkedin.com/jobs/view/4240040020","Data Engineer-Data Platforms-Google","IBM","Bengaluru, Karnataka, India","2025-07-16","14:21:03"
"https://www.linkedin.com/jobs/view/4267928235","Data Engineer","VSM Software","Mumbai, Maharashtra, India","2025-07-16","14:21:03"
"https://www.linkedin.com/jobs/view/4256829070","Prototyping Architect, Prototyping and Cloud Engineering (PACE)","Amazon Web Services (AWS)","Bengaluru, Karnataka, India","2025-07-16","14:21:03"
"https://www.linkedin.com/jobs/view/4119787304","Sr. DevOps Engineer","Lexmark","","2025-07-16","14:21:03"
"https://in.indeed.com/viewjob?jk=883600ff82458595","Senior DevOps Engineer","Prognova Partners Pvt Ltd","TN, IN","2025-07-16","14:47:43"
"https://in.indeed.com/viewjob?jk=e5dff957232e1b78","Principal DevOps Engineer","NVIDIA","TS, IN","2025-07-16","14:47:43"
"https://www.linkedin.com/jobs/view/4267947778","Data Visualization Developer (D3.js)","Escalent","Noida, Uttar Pradesh, India","2025-07-16","14:47:43"
"https://www.linkedin.com/jobs/view/4267945993","DevOps Specialist","Wipro","Gurugram, Haryana, India","2025-07-16","14:47:43"
"https://www.linkedin.com/jobs/view/4267255370","Senior DevOps Engineer - Bangalore","Capco","Bengaluru, Karnataka, India","2025-07-16","14:47:43"
"https://www.linkedin.com/jobs/view/4264495139","Data Engineer","Accenture in India","Bengaluru, Karnataka, India","2025-07-16","14:47:43"
"https://www.linkedin.com/jobs/view/4264486810","Data Engineer","Accenture in India","Bengaluru, Karnataka, India","2025-07-16","14:47:43"
"https://www.linkedin.com/jobs/view/4104784451","Senior Data Engineer","Solventum","Bengaluru, Karnataka, India","2025-07-16","14:47:43"
"https://in.indeed.com/viewjob?jk=d403fea5cf78f671","Software Developer / AI Developer – Intern","An-associates","Remote, IN","2025-07-16","15:25:29"
"https://in.indeed.com/viewjob?jk=2cdd4682f349ec45","Senior - Cloud Engineer","Volvo Group","KA, IN","2025-07-16","15:25:29"
"https://www.linkedin.com/jobs/view/4240242246","Senior DevOps  Engineer","Cognizant","Bangalore Urban, Karnataka, India","2025-07-16","15:25:29"
"https://www.linkedin.com/jobs/view/4266423003","Senior Machine Learning Engineer","Wayfair","Bengaluru, Karnataka, India","2025-07-16","15:25:29"
"https://www.linkedin.com/jobs/view/4267959093","Senior DevOps/SRE Engineer - Remote Work","BairesDev","Bengaluru, Karnataka, India","2025-07-16","15:25:29"
"https://in.indeed.com/viewjob?jk=3a3aa103a4f0e108","Cloud Engineer III - Infra/Migration/DevOps","Insight","DL, IN","2025-07-16","15:46:41"
"https://www.linkedin.com/jobs/view/4244038009","Data Engineer - C10","Citi","Chennai, Tamil Nadu, India","2025-07-16","15:46:41"
"https://www.linkedin.com/jobs/view/4173182005","Data Engineer - C11","Citi","Pune, Maharashtra, India","2025-07-16","15:46:41"
"https://www.linkedin.com/jobs/view/4244030852","Big Data Engineer - C11 - BANGALORE","Citi","Bengaluru, Karnataka, India","2025-07-16","15:46:41"
"https://www.linkedin.com/jobs/view/4208681699","Senior Snowflake & Oracle Golden Gate Data Engineer","Oracle","Bengaluru, Karnataka, India","2025-07-16","15:46:41"
"https://in.indeed.com/viewjob?jk=49096cadd022ce48","Sr DevOps Engineer","Verisk","TS, IN","2025-07-16","16:29:56"
"https://in.indeed.com/viewjob?jk=1cdcaaa48a4435f6","Senior DevOps Engineer - Bangalore","Capco","KA, IN","2025-07-16","16:29:56"
"https://www.linkedin.com/jobs/view/4266429329","DevOps Engineer","LTIMindtree","Pune, Maharashtra, India","2025-07-16","16:29:56"
"https://www.linkedin.com/jobs/view/4267959731","DevOps Engineer","Condor AI","Hyderabad, Telangana, India","2025-07-16","16:29:56"
"https://www.linkedin.com/jobs/view/4266437003","Computer Vision Engineer","SAI","","2025-07-16","16:29:56"
"https://www.linkedin.com/jobs/view/4267963289","Data Engineer","TEK Inspirations LLC","","2025-07-16","16:29:56"
"https://in.indeed.com/viewjob?jk=a733c546fc6b8356","DevOps Engineer","BlueBash Consulting Pvt. Ltd.","PB, IN","2025-07-16","16:55:33"
"https://in.indeed.com/viewjob?jk=3eaab95725c26592","Cloud Engineer III - Infra/Migration/DevOps","Insight","TS, IN","2025-07-16","16:55:33"
"https://www.linkedin.com/jobs/view/4267265508","Senior Data Engineer","r3 Consultant","","2025-07-16","16:55:33"
"https://www.linkedin.com/jobs/view/4266435782","Data Engineer","EY","Noida, Uttar Pradesh, India","2025-07-16","17:22:41"
"https://www.linkedin.com/jobs/view/4267968300","AWS Devops Engineer","S&P Global","Ghaziabad, Uttar Pradesh, India","2025-07-16","17:22:41"
"https://www.linkedin.com/jobs/view/4266440180","Data Engineer-Data Integration","IBM","Bengaluru, Karnataka, India","2025-07-16","17:22:41"
"https://www.linkedin.com/jobs/view/4267273808","Data Engineer (Level 4), AOP","Amazon","Hyderabad, Telangana, India","2025-07-16","17:22:41"
"https://in.indeed.com/viewjob?jk=6a97402fd1d93cb5","Principal Consultant - Cloud DevOps Engineer","Genpact","KA, IN","2025-07-16","17:47:02"
"https://in.indeed.com/viewjob?jk=869bec640c7b5a7e","DevOps Engineer - PeopleSoft Administration, Oracle Cloud Infra","Optum","TS, IN","2025-07-16","17:47:02"
"https://www.linkedin.com/jobs/view/4267277850","DevOps Engineer","Kan's Technologies Global","","2025-07-16","17:47:02"
"https://www.linkedin.com/jobs/view/4253211258","Lead AI Engineer – Machine Learning","BlockTXM Inc","","2025-07-16","17:47:02"
"https://www.linkedin.com/jobs/view/4266445166","Staff Machine Learning Engineer","PayPal","Bengaluru, Karnataka, India","2025-07-16","17:47:02"
"https://www.linkedin.com/jobs/view/4266133193","Data Engineer With Microsoft Fabric","BlockTXM Inc","","2025-07-16","17:47:02"
"https://www.linkedin.com/jobs/view/4267277988","Senior DevOps/SRE Engineer - Remote Work | REF#284482","BairesDev","Warangal, Telangana, India","2025-07-16","17:47:02"
"https://www.linkedin.com/jobs/view/4267277987","DevOps Engineer - Remote Work | REF#284462","BairesDev","Jaipur, Rajasthan, India","2025-07-16","18:33:16"
"https://www.linkedin.com/jobs/view/4264153830","Data Engineer","AMISEQ","","2025-07-16","18:33:16"
"https://www.linkedin.com/jobs/view/4267294442","AI Engineer II","Zeta","Bengaluru, Karnataka, India","2025-07-16","19:18:49"
"https://www.linkedin.com/jobs/view/4267982940","DevOps/SRE Engineer - Remote Work","BairesDev","Mumbai, Maharashtra, India","2025-07-16","19:18:49"
"https://www.linkedin.com/jobs/view/4267984441","DevOps/SRE Engineer - Remote Work","BairesDev","Vishakhapatnam, Andhra Pradesh, India","2025-07-16","19:18:49"
"https://www.linkedin.com/jobs/view/4267299233","Data Engineer","A.P. Moller - Maersk","Bengaluru, Karnataka, India","2025-07-16","19:18:49"
"https://www.linkedin.com/jobs/view/4267986920","DevOps Engineers","ShepHertz Technologies","Mumbai, Maharashtra, India","2025-07-16","19:18:49"
"https://in.indeed.com/viewjob?jk=2b1412e3cceee1e6","Senior DevOps Engineer","Ghostpunch Games","KA, IN","2025-07-16","19:40:25"
"https://www.linkedin.com/jobs/view/4267287812","Senior Staff Cloud DevOps Engineer","Experian","Hyderabad, Telangana, India","2025-07-16","19:40:25"
"https://in.indeed.com/viewjob?jk=041a949730d56bba","DevOps Engineer","Bizbrolly","UP, IN","2025-07-16","20:25:39"
"https://www.linkedin.com/jobs/view/4267997977","MERN Stack Developer and DevOps engineer","Panini8 Software","Kolkata, West Bengal, India","2025-07-16","20:25:39"
"https://in.indeed.com/viewjob?jk=f8379793eca3d462","DevOps Engineer - Blockchain Ops","BitGo","KA, IN","2025-07-16","21:22:09"
"https://in.indeed.com/viewjob?jk=8ede0a24854d8175","Devops Engineer III","Ericsson-Worldwide","KA, IN","2025-07-16","21:22:09"
"https://www.linkedin.com/jobs/view/4267999904","Data Engineer","RevX","","2025-07-16","21:22:09"
"https://www.linkedin.com/jobs/view/4266463580","Software DevOps Engineer","QualRec Solutions","","2025-07-16","21:22:09"
"https://www.linkedin.com/jobs/view/4266466195","AI Engineer","Commerciax Infotech Pvt. Ltd.","Ahmedabad, Gujarat, India","2025-07-16","21:22:09"
"https://www.linkedin.com/jobs/view/4268105723","DevOps Engineer - Remote Work","BairesDev","Bangalore Urban, Karnataka, India","2025-07-16","21:42:33"
"https://www.linkedin.com/jobs/view/4268103927","DevOps Engineer - Remote Work","BairesDev","Aurangabad, Maharashtra, India","2025-07-16","21:42:33"
"https://www.linkedin.com/jobs/view/4268105724","DevOps Engineer - Remote Work","BairesDev","Bengaluru, Karnataka, India","2025-07-16","21:42:33"
"https://www.linkedin.com/jobs/view/4268107294","DevOps Engineer - Remote Work","BairesDev","Coimbatore, Tamil Nadu, India","2025-07-16","22:21:56"
"https://www.linkedin.com/jobs/view/4268105725","DevOps Engineer - Remote Work","BairesDev","Chennai, Tamil Nadu, India","2025-07-16","22:21:56"
"https://www.linkedin.com/jobs/view/4268106586","DevOps Engineer - Remote Work","BairesDev","Haora, West Bengal, India","2025-07-16","22:21:56"
"https://www.linkedin.com/jobs/view/4268104878","DevOps Engineer - Remote Work","BairesDev","Jabalpur, Madhya Pradesh, India","2025-07-16","22:21:56"
"https://www.linkedin.com/jobs/view/4268107296","DevOps Engineer - Remote Work","BairesDev","Indore, Madhya Pradesh, India","2025-07-16","22:21:56"
"https://www.linkedin.com/jobs/view/4267155454","Software Development Engineer II - Azure Data Engineering","Tesco Technology","Bengaluru, Karnataka, India","2025-07-16","22:21:56"
"https://www.linkedin.com/jobs/view/4268106623","DevOps Engineer - Remote Work","BairesDev","Surat, Gujarat, India","2025-07-16","22:21:56"
"https://www.linkedin.com/jobs/view/4268102892","DevOps Engineer - Remote Work","BairesDev","Jaipur, Rajasthan, India","2025-07-16","22:21:56"
"https://www.linkedin.com/jobs/view/4268107382","AI Engineer Software Intern (Codeforces 2000+ only)","zapRF","Pune, Maharashtra, India","2025-07-16","22:21:56"
"https://www.linkedin.com/jobs/view/4268108034","DevOps Engineer - Remote Work","BairesDev","Patna, Bihar, India","2025-07-16","22:21:56"
"https://www.linkedin.com/jobs/view/4267533723","SDE - 1 - DevOps","FanCode","Mumbai, Maharashtra, India","2025-07-16","22:47:30"
"https://www.linkedin.com/jobs/view/4263897589","Data Engineer","NP Group","","2025-07-16","22:47:30"
"https://www.linkedin.com/jobs/view/4268106588","DevOps Engineer - Remote Work","BairesDev","","2025-07-16","22:47:30"
"https://www.linkedin.com/jobs/view/4268102901","DevOps Engineer - Remote Work","BairesDev","Vishakhapatnam, Andhra Pradesh, India","2025-07-16","22:47:30"
"https://www.linkedin.com/jobs/view/4267529774","DevOps Engineer","Q-Free","Hyderabad, Telangana, India","2025-07-16","22:47:30"
"https://www.linkedin.com/jobs/view/4267527917","Azure Data Engineer- India","Largeton Group","","2025-07-16","22:47:30"
"https://www.linkedin.com/jobs/view/4268106619","DevOps Engineer - Remote Work","BairesDev","Mumbai, Maharashtra, India","2025-07-16","22:47:30"
"https://www.linkedin.com/jobs/view/4256040423","Senior Data Engineer","InvestCloud, Inc.","Karnataka, India","2025-07-16","23:21:59"
"https://www.linkedin.com/jobs/view/4268110756","Data Engineer","Gartner","Gurgaon, Haryana, India","2025-07-16","23:42:36"
"https://www.linkedin.com/jobs/view/4268113471","Palantir Data Engineer","Enexus Global Inc.","Hyderabad, Telangana, India","2025-07-16","23:42:36"
"https://www.linkedin.com/jobs/view/4267540371","IN-Senior Associate_Devops _Oracle_Advisory_Bangalore","PwC India","Bengaluru, Karnataka, India","2025-07-16","23:42:36"
"https://www.linkedin.com/jobs/view/4268112459","SDE -III - Data Engineer","Avis Budget Group","Bengaluru, Karnataka, India","2025-07-16","23:42:36"
"https://in.indeed.com/viewjob?jk=e8742bf8556cd647","DevOps Engineer","Accenture","KA, IN","2025-07-17","01:55:22"
"https://in.indeed.com/viewjob?jk=bbe1fb7903ed6a57","DevOps Engineer","Accenture","KA, IN","2025-07-17","01:55:22"
"https://www.linkedin.com/jobs/view/4267576022","Data Engineer - ETL","Reyna Solutions","Bengaluru, Karnataka, India","2025-07-17","01:55:22"
"https://www.linkedin.com/jobs/view/4268124992","Generative AI Specialist","Flentas","Pune, Maharashtra, India","2025-07-17","01:55:22"
"https://in.indeed.com/viewjob?jk=c21d2f6f5368aec4","Senior DevOps Engineer","Konovo","KA, IN","2025-07-17","03:37:16"
"https://www.linkedin.com/jobs/view/4267900230","Founding Devops Engineer","Logz AI","Bengaluru, Karnataka, India","2025-07-17","03:37:16"
"https://www.linkedin.com/jobs/view/4268147020","Data Engineer","NYX","Bengaluru, Karnataka, India","2025-07-17","03:37:16"
"https://www.linkedin.com/jobs/view/4267952349","Data Engineer (SQL, Talend ETL, GCP & Azure)","Mars Data Insights","","2025-07-17","03:37:16"
"https://www.linkedin.com/jobs/view/4268155609","DevOps Engineer","People Prime Worldwide","Mumbai, Maharashtra, India","2025-07-17","04:39:03"
"https://www.linkedin.com/jobs/view/4268154899","DevOps Engineer","People Prime Worldwide","Hyderabad, Telangana, India","2025-07-17","04:39:03"
"https://www.linkedin.com/jobs/view/4268153990","Data Engineer(Strong Python & Pyspark Coding)","ideaHelix","Hyderabad, Telangana, India","2025-07-17","04:39:03"
"https://www.linkedin.com/jobs/view/4268161059","Data Engineer (Database Specialist)","Aadhcode","","2025-07-17","04:39:03"
"https://www.linkedin.com/jobs/view/4267722366","DevOps Engineer","Kotak Mahindra Bank","Bengaluru, Karnataka, India","2025-07-17","05:26:28"
"https://www.linkedin.com/jobs/view/4267724231","SRE DevOps Engineer","MyRemoteTeam Inc","Bengaluru, Karnataka, India","2025-07-17","05:26:28"
"https://www.linkedin.com/jobs/view/4268161023","Agentic AI developer (3 - 9 years)","AIMLEAP","","2025-07-17","05:26:28"
"https://in.indeed.com/viewjob?jk=f65426b2920d86d8","DevOps Engineer","Soffit Infrastructure Services (P) Ltd.","KL, IN","2025-07-17","05:49:52"
"https://in.indeed.com/viewjob?jk=5e327d96885244b0","DevOps Engineer (Lead)","Infogain","KA, IN","2025-07-17","05:49:52"
"https://www.linkedin.com/jobs/view/4267730122","Data Engineer","Growel Softech Pvt Ltd","Trivandrum, Kerala, India","2025-07-17","05:49:52"
"https://www.linkedin.com/jobs/view/4266920705","Data Engineer","Dexian India","Pune, Maharashtra, India","2025-07-17","05:49:52"
"https://www.linkedin.com/jobs/view/4266920602","DevOps Engineer","People Prime Worldwide","Chennai, Tamil Nadu, India","2025-07-17","05:49:52"
"https://www.linkedin.com/jobs/view/4267721375","Senior Data Engineer","Infoblox","Bengaluru, Karnataka, India","2025-07-17","05:49:52"
"https://www.linkedin.com/jobs/view/4266925298","Senior Devops Engineer","Aptita","Hyderabad, Telangana, India","2025-07-17","05:49:52"
"https://www.linkedin.com/jobs/view/4267740269","Data Engineer","Concentrix","Bengaluru, Karnataka, India","2025-07-17","07:43:52"
"https://www.linkedin.com/jobs/view/4267734558","Data Engineer","Sunrise Systems, Inc.","","2025-07-17","07:43:52"
"https://www.linkedin.com/jobs/view/4267741465","Senior Machine Learning Engineer","Evolent","Pune, Maharashtra, India","2025-07-17","07:43:52"
"https://www.linkedin.com/jobs/view/4267727555","Applied Machine Learning Engineer","Thinkproject","Pune, Maharashtra, India","2025-07-17","07:43:52"
"https://www.linkedin.com/jobs/view/4265986762","AWS Cloud DevOps Engineer","Customer Capital","Delhi, India","2025-07-17","07:43:52"
"https://www.linkedin.com/jobs/view/4266934948","GCP Data Engineer","Dataquad Inc.","Hyderabad, Telangana, India","2025-07-17","07:43:52"
"https://www.linkedin.com/jobs/view/4266936813","Senior AI Engineer","91HR","Goa, India","2025-07-17","07:43:52"
"https://www.linkedin.com/jobs/view/4267746119","Senior Machine Learning Engineer","Mindtickle","Bangalore Urban, Karnataka, India","2025-07-17","07:43:52"
"https://www.linkedin.com/jobs/view/4267737615","Senior Data Engineer","Lexmark","","2025-07-17","07:43:52"
"https://www.linkedin.com/jobs/view/4266947650","DevOps Engineer","Jivi AI","Gurugram, Haryana, India","2025-07-17","08:31:06"
"https://www.linkedin.com/jobs/view/4267743663","AWS Data Engineer","DataE2E Technologies","Maharashtra, India","2025-07-17","08:31:06"
"https://www.linkedin.com/jobs/view/4268167291","DevOps Engineer","Unity Infotech","Kochi, Kerala, India","2025-07-17","08:31:06"
"https://www.linkedin.com/jobs/view/4268160690","Azure Data Engineer","Bridgenext","Pune, Maharashtra, India","2025-07-17","08:31:06"
"https://www.linkedin.com/jobs/view/4266941770","Data Engineer (Level 4), AOP","myGwork - LGBTQ+ Business Community","Bengaluru, Karnataka, India","2025-07-17","08:31:06"
"https://in.indeed.com/viewjob?jk=e76aea4ce5e9c8fc","DevOps Engineer (Cloud & Automation)","Kian Technologies","Remote, IN","2025-07-17","09:26:59"
"https://in.indeed.com/viewjob?jk=109ff532af4fa8a3","Engineer - SC Devops","LSEG (London Stock Exchange Group)","KA, IN","2025-07-17","09:26:59"
"https://in.indeed.com/viewjob?jk=3e7c7212bc79cd60","DevOps Engineer - SR1","Nexifyr","DL, IN","2025-07-17","09:26:59"
"https://in.indeed.com/viewjob?jk=37f1988b589a25df","DevOps Engineer - SR1","Nexifyr","TS, IN","2025-07-17","09:26:59"
"https://in.indeed.com/viewjob?jk=f9e551aca17b2ce4","DevOps Engineer - SR1","Nexifyr","MH, IN","2025-07-17","09:26:59"
"https://in.indeed.com/viewjob?jk=94e1105e26e40431","DevOps Engineer - SR1","Nexifyr","KA, IN","2025-07-17","09:26:59"
"https://in.indeed.com/viewjob?jk=f0624915e27d886a","DevOps Engineer - SR1","Nexifyr","MH, IN","2025-07-17","09:26:59"
"https://in.indeed.com/viewjob?jk=215e65821efaf7cf","DevOps Engineer - SR1","Nexifyr","HR, IN","2025-07-17","09:26:59"
"https://in.indeed.com/viewjob?jk=80836b50ffeefddb","DevOps Engineer - SR1","Nexifyr","TN, IN","2025-07-17","09:26:59"
"https://www.linkedin.com/jobs/view/4123642935","Software Engineer, Data Engineer II","DoorDash","Pune, Maharashtra, India","2025-07-17","09:26:59"
"https://www.linkedin.com/jobs/view/4266957142","Data Scientist","HCLTech","Bengaluru, Karnataka, India","2025-07-17","09:26:59"
"https://www.linkedin.com/jobs/view/4268165316","DevOps Engineer","Tyfone, Inc.","","2025-07-17","09:26:59"
"https://www.linkedin.com/jobs/view/4257440713","Software Engineer III - Data Engineer","JPMorganChase","Bengaluru, Karnataka, India","2025-07-17","09:26:59"
"https://www.linkedin.com/jobs/view/4268163845","Devops Engineer","Expertrons Delhi","Bengaluru, Karnataka, India","2025-07-17","09:26:59"
"https://www.linkedin.com/jobs/view/4256114737","Senior Data Engineer","Anko GCC","Bengaluru, Karnataka, India","2025-07-17","09:26:59"
"https://in.indeed.com/viewjob?jk=dbe6b211d5b8544f","Senior Devops Engineer","NICE Actimize","MH, IN","2025-07-17","09:48:23"
"https://in.indeed.com/viewjob?jk=531b3bedd1605120","Devops Engineer","NatWest Group","KA, IN","2025-07-17","09:48:23"
"https://www.linkedin.com/jobs/view/4268167195","Devops Engineer - N","IAssess Consultants LLP","Bengaluru, Karnataka, India","2025-07-17","09:48:23"
"https://in.indeed.com/viewjob?jk=3d27cb77ed6b86a6","AI Developer","We Guide","KL, IN","2025-07-17","10:26:11"
"https://www.linkedin.com/jobs/view/4212652765","Data Engineer","BayOne Solutions","Gurugram, Haryana, India","2025-07-17","10:26:11"
"https://www.linkedin.com/jobs/view/4215788703","Senior Data Engineer","Experian","Hyderabad, Telangana, India","2025-07-17","10:26:11"
"https://www.linkedin.com/jobs/view/4191449054","Azure DevOps","Virtusa","Andhra Pradesh, India","2025-07-17","10:26:11"
"https://in.indeed.com/viewjob?jk=7c5ab53a787b6e90","Cloud DevOps Engineer","LZYCRAZY PVT. LTD","UP, IN","2025-07-17","10:49:48"
"https://www.linkedin.com/jobs/view/4240059006","DevOps Engineer","HID","Chennai, Tamil Nadu, India","2025-07-17","10:49:48"
"https://www.linkedin.com/jobs/view/4257455327","Senior Associate- Data Engineer","Capital One","Bengaluru, Karnataka, India","2025-07-17","10:49:48"
"https://www.linkedin.com/jobs/view/4257451319","Lead Data Engineer","Uplers","Guwahati, Assam, India","2025-07-17","10:49:48"
"https://www.linkedin.com/jobs/view/4257449458","Senior Data Engineer","Uplers","","2025-07-17","10:49:48"
"https://www.linkedin.com/jobs/view/4257446731","Lead Data Engineer","Uplers","Madurai, Tamil Nadu, India","2025-07-17","10:49:48"
"https://www.linkedin.com/jobs/view/4257449447","Lead Data Engineer","Uplers","Ghaziabad, Uttar Pradesh, India","2025-07-17","10:49:48"
"https://in.indeed.com/viewjob?jk=21fd5cd87434571b","DEVOPS ENGINEER","Zensar Technologies","IN","2025-07-17","11:20:06"
"https://in.indeed.com/viewjob?jk=d83dccd8a216491f","AI Infrastructure Engineer (DevOps/MLOps)","Qcentro","KL, IN","2025-07-17","11:20:06"
"https://www.linkedin.com/jobs/view/4256118684","AI Engineer","Ericsson","Bengaluru, Karnataka, India","2025-07-17","11:20:06"
"https://www.linkedin.com/jobs/view/4253265273","Data Engineer","NTT DATA, Inc.","Chennai, Tamil Nadu, India","2025-07-17","11:20:06"
"https://www.linkedin.com/jobs/view/4214573524","Specialist - DevOps Full Stack Developer","Infineon Technologies","Ahmedabad, Gujarat, India","2025-07-17","11:20:06"
"https://www.linkedin.com/jobs/view/4268177863","QA Engineer (Data Engineering & Warehouse Testing)","RiDiK (a Subsidiary of CLPS. Nasdaq: CLPS)","Bengaluru, Karnataka, India","2025-07-17","11:20:06"
"https://www.linkedin.com/jobs/view/4257446373","Senior Data Engineer","Guidehouse","Trivandrum, Kerala, India","2025-07-17","11:20:06"
"https://www.linkedin.com/jobs/view/4244571524","Cloud Data Engineer","Uplers","Jamshedpur, Jharkhand, India","2025-07-17","11:20:06"
"https://www.linkedin.com/jobs/view/4244569716","Cloud Data Engineer","Uplers","Guwahati, Assam, India","2025-07-17","11:20:06"
"https://www.linkedin.com/jobs/view/4244575257","Cloud Data Engineer","Uplers","Agra, Uttar Pradesh, India","2025-07-17","11:20:06"
"https://www.linkedin.com/jobs/view/4244574261","Cloud Data Engineer","Uplers","Aurangabad, Maharashtra, India","2025-07-17","11:20:06"
"https://www.linkedin.com/jobs/view/4244573311","Cloud Data Engineer","Uplers","Thane, Maharashtra, India","2025-07-17","11:20:06"
"https://www.linkedin.com/jobs/view/4257449455","Senior Data Engineer","Uplers","Jamshedpur, Jharkhand, India","2025-07-17","11:20:06"
"https://www.linkedin.com/jobs/view/4257450466","Senior Data Engineer","Uplers","Ghaziabad, Uttar Pradesh, India","2025-07-17","11:20:06"
"https://www.linkedin.com/jobs/view/4257450475","Lead Data Engineer","Uplers","Vijayawada, Andhra Pradesh, India","2025-07-17","11:20:06"
"https://www.linkedin.com/jobs/view/4257447664","Lead Data Engineer","Uplers","Visakhapatnam, Andhra Pradesh, India","2025-07-17","11:20:06"
"https://www.linkedin.com/jobs/view/4257452259","Lead Data Engineer","Uplers","Noida, Uttar Pradesh, India","2025-07-17","11:20:06"
"https://www.linkedin.com/jobs/view/4257451311","Lead Data Engineer","Uplers","Noida, Uttar Pradesh, India","2025-07-17","11:20:06"
"https://www.linkedin.com/jobs/view/4257450474","Senior Data Engineer","Uplers","Vellore, Tamil Nadu, India","2025-07-17","11:20:06"
"https://www.linkedin.com/jobs/view/4136119303","Data Engineer","Aryaka","Bengaluru, Karnataka, India","2025-07-17","11:42:20"
"https://www.linkedin.com/jobs/view/4211625956","Data Engineer","Virtusa","Chennai, Tamil Nadu, India","2025-07-17","11:42:20"
"https://www.linkedin.com/jobs/view/4214328226","Software Development Engineer, Alexa AI Developer Tech","Amazon","Pune, Maharashtra, India","2025-07-17","11:42:20"
"https://www.linkedin.com/jobs/view/4268187532","DevOps Engineer","BatchData","","2025-07-17","11:42:20"
"https://www.linkedin.com/jobs/view/4268192032","AI Engineer","HUB","Gurugram, Haryana, India","2025-07-17","11:42:20"
"https://www.linkedin.com/jobs/view/4267771097","Data Engineer","Amazon Web Services (AWS)","Bengaluru, Karnataka, India","2025-07-17","11:42:20"
"https://www.linkedin.com/jobs/view/4230055075","Data Engineer","Uplers","","2025-07-17","11:42:20"
"https://www.linkedin.com/jobs/view/4268185757","Senior Data Engineer","S&P Global","Gurugram, Haryana, India","2025-07-17","11:42:20"
"https://www.linkedin.com/jobs/view/4257448521","Senior Data Engineer","Uplers","Cuttack, Odisha, India","2025-07-17","11:42:20"
"https://www.linkedin.com/jobs/view/4257449442","Lead Data Engineer","Uplers","","2025-07-17","11:42:20"
"https://www.linkedin.com/jobs/view/4257449453","Senior Data Engineer","Uplers","Patna, Bihar, India","2025-07-17","11:42:20"
"https://www.linkedin.com/jobs/view/4257446724","Senior Data Engineer","Uplers","","2025-07-17","11:42:20"
"https://www.linkedin.com/jobs/view/4268192520","Data Engineer I","Honeywell","Bengaluru, Karnataka, India","2025-07-17","12:47:55"
"https://www.linkedin.com/jobs/view/4267777896","AI Engineer - L1","Wipro","Chennai, Tamil Nadu, India","2025-07-17","12:47:55"
"https://www.linkedin.com/jobs/view/4090279314","Data Engineer, MIDAS Digital Intelligence","Amazon Music","Chennai, Tamil Nadu, India","2025-07-17","12:47:55"
"https://www.linkedin.com/jobs/view/4267787131","Data Engineer","BMC Software","Pune, Maharashtra, India","2025-07-17","12:47:55"
"https://in.indeed.com/viewjob?jk=3f5ccfd643ef3cf4","DevOps Engineer","Nashik Breweries and Distilleries","MH, IN","2025-07-17","13:38:18"
"https://www.linkedin.com/jobs/view/4268215349","Data Engineer","Ericsson","","2025-07-17","13:38:18"
"https://www.linkedin.com/jobs/view/4254365690","Data Engineer-Data Warehouse","IBM","Bengaluru, Karnataka, India","2025-07-17","13:38:18"
"https://www.linkedin.com/jobs/view/4268213359","Data Scientist","Auroedge Private Limited","","2025-07-17","13:38:18"
"https://www.linkedin.com/jobs/view/4267788728","Software Technologist - Cloud Engineer","Philips","Bengaluru, Karnataka, India","2025-07-17","13:38:18"
"https://www.linkedin.com/jobs/view/4267799677","Lead Data Engineer [T500-19254]","Delta Air Lines","Bengaluru, Karnataka, India","2025-07-17","13:38:18"
"https://www.linkedin.com/jobs/view/4267788742","Sr. Devops SRE (Contract)","VARITE INC","Bengaluru, Karnataka, India","2025-07-17","13:38:18"
"https://www.linkedin.com/jobs/view/4268208271","Kore.AI Developer","Cloud Base Solutions LLC","Noida, Uttar Pradesh, India","2025-07-17","13:38:18"
"https://www.linkedin.com/jobs/view/4267794409","Senior Azure Infra DevOps Engineer","ContractPodAi","Pune, Maharashtra, India","2025-07-17","13:38:18"
"https://in.indeed.com/viewjob?jk=9111c90c87bea51e","AI Engineer - Python Developer","JS Techalliance Consulting Pvt Ltd","MP, IN","2025-07-17","14:21:21"
"https://in.indeed.com/viewjob?jk=df3c3425f3eee206","Senior MLOps & AI Developer","Giesecke+Devrient","HR, IN","2025-07-17","14:21:21"
"https://in.indeed.com/viewjob?jk=7e869d2199afd6ec","DevOps/Cloud Engineer (Experienced)","REIZEND PRIVATE LIMITED","KL, IN","2025-07-17","14:21:21"
"https://www.linkedin.com/jobs/view/4256302120","Data Engineer","Citi","Pune, Maharashtra, India","2025-07-17","14:21:21"
"https://www.linkedin.com/jobs/view/4268270459","DevOps Engineer","LTIMindtree","Pune, Maharashtra, India","2025-07-17","14:21:21"
"https://www.linkedin.com/jobs/view/4247928365","Data Engineer, Data Engineering","Cardinal Health","Bengaluru East, Karnataka, India","2025-07-17","14:21:21"
"https://www.linkedin.com/jobs/view/4254867386","DATA ENGINEER-ADVANCED ANALYTICS","IBM","Bengaluru, Karnataka, India","2025-07-17","14:21:21"
"https://www.linkedin.com/jobs/view/4267790214","Azure Data Engineer/Developer","Oracle","Bengaluru, Karnataka, India","2025-07-17","14:21:21"
"https://www.linkedin.com/jobs/view/4268267914","Senior Data Engineer","Cozzera","Delhi, India","2025-07-17","14:21:21"
"https://www.linkedin.com/jobs/view/4241210672","Senior Machine Learning Engineer","HARMAN India","Bengaluru, Karnataka, India","2025-07-17","14:21:21"
"https://in.indeed.com/viewjob?jk=ae1f6e3cc23e517c","DevOps Engineer","Norstella","Remote, IN","2025-07-17","14:47:47"
"https://in.indeed.com/viewjob?jk=0b578acdc347f9d3","Senior Cloud Engineer","5dataInc","TS, IN","2025-07-17","14:47:47"
"https://www.linkedin.com/jobs/view/4268247262","Data Engineer","IntraEdge","","2025-07-17","14:47:47"
"https://www.linkedin.com/jobs/view/4268258829","Data Engineer","Cognisol","","2025-07-17","14:47:47"
"https://www.linkedin.com/jobs/view/4242202827","Data Engineer - C11 - Chennai","Citi","Chennai, Tamil Nadu, India","2025-07-17","14:47:47"
"https://www.linkedin.com/jobs/view/4266963319","Data Engineer","ConnectIQ","Bengaluru, Karnataka, India","2025-07-17","14:47:47"
"https://www.linkedin.com/jobs/view/4254865476","Data Engineer-Apache Airflow","IBM","Mumbai, Maharashtra, India","2025-07-17","14:47:47"
"https://www.linkedin.com/jobs/view/4268249513","Senior Data Engineer","Viasat","Chennai, Tamil Nadu, India","2025-07-17","14:47:47"
"https://www.linkedin.com/jobs/view/4267764680","Data Engineer, Amazon Operations Finance Standardisation and Automation","Amazon","Bengaluru, Karnataka, India","2025-07-17","14:47:47"
"https://www.linkedin.com/jobs/view/4268250335","Data Architect - AEP Competency","Klarin Technologies","","2025-07-17","14:47:47"
"https://www.linkedin.com/jobs/view/4256302118","Data Engineer – C10/Officer - Pune","Citi","Pune, Maharashtra, India","2025-07-17","15:25:28"
"https://www.linkedin.com/jobs/view/4254871079","DE-AWS-Cloud Native AI Engineer-VG-F02","EY","Hyderabad, Telangana, India","2025-07-17","15:25:28"
"https://in.indeed.com/viewjob?jk=9be23c8fbe0812e0","DevOps Engineer - C10","Citi","MH, IN","2025-07-17","15:46:41"
"https://www.linkedin.com/jobs/view/4199577842","Senior DevOps Engineer (Salesforce)","MongoDB","Bengaluru, Karnataka, India","2025-07-17","15:46:41"
"https://www.linkedin.com/jobs/view/4229158597","Machine Learning Engineer Lead - C13 - CHENNAI","Citi","Chennai, Tamil Nadu, India","2025-07-17","15:46:41"
"https://www.linkedin.com/jobs/view/4253205035","Senior DevOps Engineer","Smarten Spaces","Bengaluru, Karnataka, India","2025-07-17","15:46:41"
"https://www.linkedin.com/jobs/view/4242201909","Apps Support Senior Analyst (Hadoop, Big Data, Data Engineering) C12 - CHENNAI","Citi","Chennai, Tamil Nadu, India","2025-07-17","15:46:41"
"https://in.indeed.com/viewjob?jk=95d2a725c5876441","DevOps Engineer","Udyari Solutions LLP","KA, IN","2025-07-17","16:29:40"
"https://www.linkedin.com/jobs/view/4268280928","DevOps/SRE Engineer - Remote Work","BairesDev","Madurai, Tamil Nadu, India","2025-07-17","16:29:40"
"https://www.linkedin.com/jobs/view/4268618030","DevOps Engineer - L4","Wipro","Bengaluru, Karnataka, India","2025-07-17","16:29:40"
"https://www.linkedin.com/jobs/view/4268283035","Cloud Engineer Vmware Horizon","Helios Core AI","Hyderabad, Telangana, India","2025-07-17","16:29:40"
"https://www.linkedin.com/jobs/view/4268289180","GIS Data Engineer - PySpark","Analyticorex","Hyderabad, Telangana, India","2025-07-17","16:29:40"
"https://www.linkedin.com/jobs/view/4266979117","Senior Machine Learning Engineer","Backbase","Hyderabad, Telangana, India","2025-07-17","16:53:57"
"https://in.indeed.com/viewjob?jk=84f2884d95525c35","DevOps Engineer","Standard Chartered Bank","KA, IN","2025-07-17","17:21:37"
"https://www.linkedin.com/jobs/view/4268289766","Data Engineer-Lead (Tamilnadu)","VXI Global Solutions","Tamil Nadu, India","2025-07-17","17:21:37"
"https://www.linkedin.com/jobs/view/4268285442","AWS Data Engineer","WELTEC Institute","","2025-07-17","17:21:37"
"https://www.linkedin.com/jobs/view/4266978642","Data Engineer-Data Platforms-Azure","IBM","Kochi, Kerala, India","2025-07-17","17:21:37"
"https://www.linkedin.com/jobs/view/4266978506","Data Engineer-Data Platforms-Azure","IBM","Mumbai, Maharashtra, India","2025-07-17","17:21:37"
"https://in.indeed.com/viewjob?jk=8acd43d7e9609f17","Associate DevOps Engineer","Optum","UP, IN","2025-07-17","17:45:41"
"https://www.linkedin.com/jobs/view/4268651329","Remote Python AI Engineer - 17852","Turing","Pune, Maharashtra, India","2025-07-17","18:33:57"
"https://www.linkedin.com/jobs/view/4268645590","Remote Python AI Engineer - 17852","Turing","Pune, Maharashtra, India","2025-07-17","18:33:57"
"https://www.linkedin.com/jobs/view/4268651319","Remote Python AI Engineer - 17852","Turing","Pune, Maharashtra, India","2025-07-17","18:33:57"
"https://www.linkedin.com/jobs/view/4268647525","Remote Python AI Engineer - 17852","Turing","Gurugram, Haryana, India","2025-07-17","18:33:57"
"https://www.linkedin.com/jobs/view/4268650454","Remote Python AI Engineer - 17852","Turing","Gurugram, Haryana, India","2025-07-17","18:33:57"
"https://www.linkedin.com/jobs/view/4268649483","Remote Python AI Engineer - 17852","Turing","Gurugram, Haryana, India","2025-07-17","18:33:57"
"https://www.linkedin.com/jobs/view/4268645607","Remote Python AI Engineer - 17852","Turing","","2025-07-17","18:33:57"
"https://www.linkedin.com/jobs/view/4268644735","Remote Python AI Engineer - 17852","Turing","","2025-07-17","18:33:57"
"https://www.linkedin.com/jobs/view/4268645599","Remote Python AI Engineer - 17852","Turing","","2025-07-17","18:33:57"
"https://www.linkedin.com/jobs/view/4268647527","Remote Python AI Engineer - 17852","Turing","Gurugram, Haryana, India","2025-07-17","18:33:57"
"https://www.linkedin.com/jobs/view/4268645784","Remote Python AI Engineer - 17852","Turing","Chennai, Tamil Nadu, India","2025-07-17","18:33:57"
"https://www.linkedin.com/jobs/view/4268627736","Data Engineering -Sr. Specialist","Nasdaq","Bengaluru East, Karnataka, India","2025-07-17","18:33:57"
"https://www.linkedin.com/jobs/view/4268648070","Lead Machine Learning Engineer #7577","New Relic","Hyderabad, Telangana, India","2025-07-17","18:33:57"
"https://www.linkedin.com/jobs/view/4266996452","AI Engineer","Swirl®","Bengaluru, Karnataka, India","2025-07-17","19:19:37"
"https://www.linkedin.com/jobs/view/4265396131","AI Engineer (Internship) Remote","iBovi - Staffing, Consulting and Recruitment Services","","2025-07-17","19:19:37"
"https://www.linkedin.com/jobs/view/4268415578","DevOps Engineer - C10","Citi","Pune, Maharashtra, India","2025-07-17","19:19:37"
"https://www.linkedin.com/jobs/view/4268654275","Data Engineer – People Analytics","ABB","Bengaluru, Karnataka, India","2025-07-17","19:19:37"
"https://www.linkedin.com/jobs/view/4268418576","DevOps Engineer","VortexWeb","","2025-07-17","19:19:37"
"https://www.linkedin.com/jobs/view/4268648511","Remote Python AI Engineer - 17852","Turing","","2025-07-17","19:19:37"
"https://www.linkedin.com/jobs/view/4268649433","Remote Python AI Engineer - 17852","Turing","","2025-07-17","19:19:37"
"https://www.linkedin.com/jobs/view/4268643906","Remote Python AI Engineer - 17852","Turing","Gurugram, Haryana, India","2025-07-17","19:19:37"
"https://www.linkedin.com/jobs/view/4268647855","Remote Python AI Engineer - 17852","Turing","Mumbai, Maharashtra, India","2025-07-17","19:19:37"
"https://www.linkedin.com/jobs/view/4268651503","Remote Python AI Engineer - 17852","Turing","Hyderabad, Telangana, India","2025-07-17","19:19:37"
"https://www.linkedin.com/jobs/view/4268651505","Remote Python AI Engineer - 17852","Turing","Hyderabad, Telangana, India","2025-07-17","19:19:37"
"https://www.linkedin.com/jobs/view/4268646890","Remote Python AI Engineer - 17852","Turing","Delhi, India","2025-07-17","19:19:37"
"https://www.linkedin.com/jobs/view/4268653124","Remote Python AI Engineer - 17852","Turing","Delhi, India","2025-07-17","19:19:37"
"https://www.linkedin.com/jobs/view/4268650748","Remote Python AI Engineer - 17852","Turing","Delhi, India","2025-07-17","19:19:37"
"https://www.linkedin.com/jobs/view/4268646888","Remote Python AI Engineer - 17852","Turing","Delhi, India","2025-07-17","19:19:37"
"https://www.linkedin.com/jobs/view/4268413877","Senior Data Engineer","Autodesk","Bengaluru, Karnataka, India","2025-07-17","19:19:37"
"https://in.indeed.com/viewjob?jk=b3d5a402dadb6a54","DevOps Engineer","vortexweb cloud","Remote, IN","2025-07-17","19:40:54"
"https://www.linkedin.com/jobs/view/4268215397","Data Engineer","Ericsson","Noida, Uttar Pradesh, India","2025-07-17","19:40:54"
"https://www.linkedin.com/jobs/view/4259907727","AI Engineer – AI, Automation and ML (REMOTE)","iBovi - Staffing, Consulting and Recruitment Services","","2025-07-17","19:40:54"
"https://www.linkedin.com/jobs/view/4266993378","Data Engineer","Accenture in India","Bengaluru, Karnataka, India","2025-07-17","19:40:54"
"https://www.linkedin.com/jobs/view/4268651338","Remote Python AI Engineer - 17852","Turing","","2025-07-17","19:40:54"
"https://www.linkedin.com/jobs/view/4268644769","Remote Python AI Engineer - 17852","Turing","Bengaluru, Karnataka, India","2025-07-17","19:40:54"
"https://www.linkedin.com/jobs/view/4268652276","Remote Python AI Engineer - 17852","Turing","Mumbai, Maharashtra, India","2025-07-17","19:40:54"
"https://www.linkedin.com/jobs/view/4268652248","Remote Python AI Engineer - 17852","Turing","Mumbai, Maharashtra, India","2025-07-17","19:40:54"
"https://www.linkedin.com/jobs/view/4268651698","Remote Python AI Engineer - 17852","Turing","Mumbai, Maharashtra, India","2025-07-17","19:40:54"
"https://in.indeed.com/viewjob?jk=ad13d39febdaadc9","Senior MLOps & AI Developer","Giesecke+Devrient","HR, IN","2025-07-17","20:25:26"
"https://www.linkedin.com/jobs/view/4268670081","Tech Lead Devops Engineer","Dario","Gurugram, Haryana, India","2025-07-17","20:25:26"
"https://www.linkedin.com/jobs/view/4268423253","Remote Machine Learning / AI Engineer","HYI.AI","Bengaluru, Karnataka, India","2025-07-17","20:25:26"
"https://www.linkedin.com/jobs/view/4268665260","Process Data Engineer II - Product Development","Bristol Myers Squibb","Hyderabad, Telangana, India","2025-07-17","20:25:26"
"https://in.indeed.com/viewjob?jk=e4fd505286892abf","DevOps Engineer - VP","Deutsche Bank","MH, IN","2025-07-17","20:45:53"
"https://www.linkedin.com/jobs/view/4268419947","AI Engineering Intern - Multimodal LLM Infrastructure","Loopdesk AI","Bengaluru, Karnataka, India","2025-07-17","20:45:53"
"https://www.linkedin.com/jobs/view/4266998354","AWS, Azure Devops - AKS,EKS SME","Imagine Foundation e.V.","","2025-07-17","20:45:53"
"https://www.linkedin.com/jobs/view/4268436283","Cloud Engineer","iConsultera","","2025-07-17","21:21:11"
"https://www.linkedin.com/jobs/view/4268431637","Data Engineer","RAYVEN IT SOLUTIONS","","2025-07-17","21:21:11"
"https://www.linkedin.com/jobs/view/4268428836","Senior Data Engineer","Med-Metrix","","2025-07-17","21:42:18"
"https://in.indeed.com/viewjob?jk=6d7b4d32c9ea985c","Lead Cloud Platform/DevOps Engineer","Goodyear","TS, IN","2025-07-17","22:22:25"
"https://in.indeed.com/viewjob?jk=f0006a6664ac84a8","DevOps Engineer","Harman","KA, IN","2025-07-17","22:46:19"
"https://www.linkedin.com/jobs/view/4267400754","DevOps Engineer","CareerUS Solutions","","2025-07-17","22:46:19"
"https://www.linkedin.com/jobs/view/4268437466","Data Engineer","JB Group of companies","Navi Mumbai, Maharashtra, India","2025-07-17","23:22:37"
"https://www.linkedin.com/jobs/view/4268438150","Data Engineer","JB Group of companies","","2025-07-17","23:22:37"
"https://www.linkedin.com/jobs/view/4268689383","Staff Devops Engineer","Baker Hughes","Pune, Maharashtra, India","2025-07-17","23:22:37"
"https://in.indeed.com/viewjob?jk=6df5dd2bdf87b53f","Lead DevOps Engineer","Cimpress","Remote, IN","2025-07-17","23:42:58"
"https://in.indeed.com/viewjob?jk=89045c6d880ad68a","Staff Devops Engineer","Baker Hughes","KA, IN","2025-07-17","23:42:58"
"https://in.indeed.com/viewjob?jk=8d00422ca73cd85b","DevOps Engineer Advisor","NTT DATA","TS, IN","2025-07-17","23:42:58"
"https://in.indeed.com/viewjob?jk=b026972ca43f5b81","Senior Engineer, Software DevOps","WS Audiology","TS, IN","2025-07-17","23:42:58"
"https://www.linkedin.com/jobs/view/4268688459","Staff Devops Engineer","Baker Hughes","Bengaluru, Karnataka, India","2025-07-17","23:42:58"
"https://www.linkedin.com/jobs/view/4268689432","Data Engineer (Talend &Pyspark)","NTT DATA North America","Bengaluru East, Karnataka, India","2025-07-17","23:42:58"
"https://in.indeed.com/viewjob?jk=a87bc9d247e88abc","Senior Cloud Engineer","5dataInc","TS, IN","2025-07-18","01:57:02"
"https://www.linkedin.com/jobs/view/4268814462","Material - Senior Data Scientist - Deep Learning &amp; Machine Learning","Srijan: Now Material","Bengaluru East, Karnataka, India","2025-07-18","01:57:02"
"https://www.linkedin.com/jobs/view/4267415447","Azure Data Engineer-Associate - Operate","PwC Acceleration Center India","Bengaluru, Karnataka, India","2025-07-18","01:57:02"
"https://www.linkedin.com/jobs/view/4268810569","Aptean - Senior DevOps Engineer - CI/CD Pipeline","Aptean India","Bengaluru, Karnataka, India","2025-07-18","01:57:02"
"https://www.linkedin.com/jobs/view/4267415437","Cloud Data Engineer -Analytics as service - Senior Associate - operate","PwC Acceleration Center India","Bengaluru, Karnataka, India","2025-07-18","01:57:02"
"https://www.linkedin.com/jobs/view/4268837538","Intern-AI Engineer","Gamigion","","2025-07-18","03:41:08"
"https://www.linkedin.com/jobs/view/4268485182","Software Technologist - Cloud Engineer","Philips","Bengaluru, Karnataka, India","2025-07-18","03:41:08"
"https://www.linkedin.com/jobs/view/4266954781","Senior Data Engineer","Infoslab","Hyderabad, Telangana, India","2025-07-18","03:41:08"
"https://in.indeed.com/viewjob?jk=a2839e7ff76c75d7","Software Technologist - Cloud Engineer","Philips","KA, IN","2025-07-18","04:41:19"
"https://in.indeed.com/viewjob?jk=178484fc02e47ed5","DevOps Engineer - C10","Citi","MH, IN","2025-07-18","04:41:19"
"https://www.linkedin.com/jobs/view/4268482569","DevOps Engineer","People Prime Worldwide","Bengaluru, Karnataka, India","2025-07-18","04:41:19"
"https://www.linkedin.com/jobs/view/4267427717","Senior Data Engineer","Lean IT Inc.","","2025-07-18","05:27:52"
"https://www.linkedin.com/jobs/view/4267427636","Data Engineer I - GCP, ETL & SQL| Digital & Technology","General Mills India","Mumbai, Maharashtra, India","2025-07-18","05:27:52"
"https://www.linkedin.com/jobs/view/4268853818","Oracle PL/SQL, Oracle ERP, Unix, DevOps, Java - Developer (FHB)","NTT DATA North America","Bengaluru East, Karnataka, India","2025-07-18","05:27:52"
"https://www.linkedin.com/jobs/view/4267430627","Machine Learning Engineer","ThoughtSol Infotech Pvt. Ltd","Noida, Uttar Pradesh, India","2025-07-18","05:51:55"
"https://www.linkedin.com/jobs/view/4268482565","DevOps Engineer","People Prime Worldwide","Mumbai, Maharashtra, India","2025-07-18","05:51:55"
"https://www.linkedin.com/jobs/view/4268485770","Data Engineer - Python,Pyspark,AWS - 5 DAYS ONSITE","ideaHelix","Hyderabad, Telangana, India","2025-07-18","05:51:55"
"https://www.linkedin.com/jobs/view/4267431545","Data Engineer","Colate","Hyderabad, Telangana, India","2025-07-18","05:51:55"
"https://www.linkedin.com/jobs/view/4268489045","Data Engineer - Python,Pyspark,GIS - 5 DAYS ONSITE","ideaHelix","Hyderabad, Telangana, India","2025-07-18","05:51:55"
"https://www.linkedin.com/jobs/view/4268210801","Senior Cloud Engineer","Eclipton","Madurai, Tamil Nadu, India","2025-07-18","05:51:55"
"https://www.linkedin.com/jobs/view/4267428895","Big Data Engineer (Lead)","Infogain","Mumbai, Maharashtra, India","2025-07-18","05:51:55"
"https://in.indeed.com/viewjob?jk=f7c18863cb25dd2b","Senior Generative AI Developer","City Credit Management","MH, IN","2025-07-18","06:34:11"
"https://www.linkedin.com/jobs/view/4268700869","Machine Learning Engineer","TIGI HR","Hyderabad, Telangana, India","2025-07-18","06:34:11"
"https://www.linkedin.com/jobs/view/4268498785","Data Engineer/Scientist (Databricks, Python, PySpark, Snowflake)","Oneon","","2025-07-18","06:34:11"
"https://www.linkedin.com/jobs/view/4268702018","DevOps Engineer","SettleMint India","Navi Mumbai, Maharashtra, India","2025-07-18","06:34:11"
"https://www.linkedin.com/jobs/view/4269122377","DevOps Engineer - L4","Wipro","Hyderabad, Telangana, India","2025-07-18","06:34:11"
"https://www.linkedin.com/jobs/view/4268700190","Senior Devops Engineer","Aptita","Hyderabad, Telangana, India","2025-07-18","06:34:11"
"https://www.linkedin.com/jobs/view/4269117821","DevOps Engineer - L4","Wipro","Hyderabad, Telangana, India","2025-07-18","06:34:11"
"https://www.linkedin.com/jobs/view/4267437221","Senior DevOps Engineer","APPIT Software Inc","Bengaluru, Karnataka, India","2025-07-18","06:34:11"
"https://www.linkedin.com/jobs/view/4267429747","AI Engineer - 5+ years - Mumbai Based candidate preferred","SearchField","Mumbai, Maharashtra, India","2025-07-18","06:34:11"
"https://www.linkedin.com/jobs/view/4264285010","Senior Data & DevOps Engineer","Charles River Laboratories","Ahmedabad, Gujarat, India","2025-07-18","06:34:11"
"https://in.indeed.com/viewjob?jk=ae26d3b789756f1a","Cloud Engineer","Ananta Services ","GJ, IN","2025-07-18","07:24:36"
"https://in.indeed.com/viewjob?jk=680d7e1e013ee9bd","Senior DevOps Engineer","SAP","KA, IN","2025-07-18","07:24:36"
"https://www.linkedin.com/jobs/view/4268710865","Data Engineer","PwC Acceleration Centers","Bengaluru, Karnataka, India","2025-07-18","07:24:36"
"https://www.linkedin.com/jobs/view/4267445157","DevOps Engineer with Python (Max Budget - 15 LPA)","RAPSYS TECHNOLOGIES PTE LTD","Mumbai, Maharashtra, India","2025-07-18","07:24:36"
"https://www.linkedin.com/jobs/view/4269126029","Senior Data Engineer","Tredence Inc.","Bengaluru, Karnataka, India","2025-07-18","07:24:36"
"https://www.linkedin.com/jobs/view/4268718547","GCP Data Engineer","Asv Consulting Services Pvt. Ltd.","Pune, Maharashtra, India","2025-07-18","07:24:36"
"https://www.linkedin.com/jobs/view/4269110904","IN-Manager_ AI Engineer_Data and Analytics_Advisory_Hyderabad","PwC","Hyderabad, Telangana, India","2025-07-18","07:24:36"
"https://www.linkedin.com/jobs/view/4269127477","Cloud Engineer","Rubrik","Bengaluru, Karnataka, India","2025-07-18","07:45:05"
"https://www.linkedin.com/jobs/view/4269117882","Senior Associate Data Engineer","NTT DATA, Inc.","Bengaluru, Karnataka, India","2025-07-18","07:45:05"
"https://www.linkedin.com/jobs/view/4268704476","Senior Software Engineer (AI Engineer)","Senzcraft","Bengaluru, Karnataka, India","2025-07-18","08:21:17"
"https://www.linkedin.com/jobs/view/4269161204","Data Analyst or Analysis Intern","Innovate Solutions","","2025-07-18","08:26:13"
"https://www.linkedin.com/jobs/view/4269159942","Data Analyst Intern","Innovate Solutions","","2025-07-18","08:26:13"
"https://www.linkedin.com/jobs/view/4269170116","Data Analyst Intern","SkillFied Mentor","","2025-07-18","08:26:13"
"https://www.linkedin.com/jobs/view/4269171284","Data Analyst Intern","SkillFied Mentor","","2025-07-18","08:26:13"
"https://www.linkedin.com/jobs/view/4268745740","Data Analyst Intern","Unified Mentor Private Limited","","2025-07-18","08:26:13"
"https://www.linkedin.com/jobs/view/4269300692","Data Analyst Intern","WebBoost Solutions by UM","","2025-07-18","08:30:55"
"https://www.linkedin.com/jobs/view/4269307850","Data Analyst Intern","WebBoost Solutions by UM","","2025-07-18","09:26:59"
"https://www.linkedin.com/jobs/view/4268746624","Data Analyst Intern","Unified Mentor Private Limited","","2025-07-18","09:26:59"
"https://www.linkedin.com/jobs/view/4269376823","Data Analyst Intern","WebBoost Solutions by UM","","2025-07-18","10:25:14"
"https://www.linkedin.com/jobs/view/4269377689","AWS DevOps Engineer Internship in Hyderabad","FEG INDIA","Hyderabad, Telangana, India","2025-07-18","11:19:47"
"https://www.linkedin.com/jobs/view/4268762566","AI Engineering Intern (SDE)","Darwix AI","Gurugram, Haryana, India","2025-07-18","11:19:47"
"https://www.linkedin.com/jobs/view/4268773977","Data Analyst Intern","Unified Mentor Private Limited","","2025-07-18","12:49:27"
"https://www.linkedin.com/jobs/view/4268776439","Data Analyst Intern","Unified Mentor Private Limited","","2025-07-18","12:49:27"
"https://www.linkedin.com/jobs/view/4269501895","Data Analyst Intern","WebBoost Solutions by UM","","2025-07-18","12:49:27"
"https://www.linkedin.com/jobs/view/4269504000","Data Analyst Intern","WebBoost Solutions by UM","","2025-07-18","12:49:27"
"https://in.indeed.com/viewjob?jk=1a37b1e1b3e4d657","AI Developer Intern - Male Candidates","Enthu Technology Solutions India Pvt Ltd","TN, IN","2025-07-18","13:37:49"
"https://www.linkedin.com/jobs/view/4269510114","Data Analyst Intern","WebBoost Solutions by UM","","2025-07-18","13:37:49"
"https://www.linkedin.com/jobs/view/4269511033","Data Analyst Intern","WebBoost Solutions by UM","","2025-07-18","13:37:49"
"https://www.linkedin.com/jobs/view/4267467751","AI Engineer Intern","Valura.ai","Bengaluru, Karnataka, India","2025-07-18","13:37:49"
"https://www.linkedin.com/jobs/view/4268787211","Data Analyst","Zetheta Algorithms Private Limited","","2025-07-18","14:22:07"
"https://www.linkedin.com/jobs/view/4269529612","Data Analyst Intern","SkillFied Mentor","","2025-07-18","15:24:10"
"https://www.linkedin.com/jobs/view/4269530646","Data Analyst Intern","SkillFied Mentor","","2025-07-18","15:24:10"
"https://www.linkedin.com/jobs/view/4269534679","Data Analyst Intern","WebBoost Solutions by UM","","2025-07-18","16:29:49"
"https://www.linkedin.com/jobs/view/4269014240","Data Analyst Intern","Unified Mentor Private Limited","","2025-07-18","16:56:15"
"https://www.linkedin.com/jobs/view/4269535602","Data Analyst Intern","WebBoost Solutions by UM","","2025-07-18","17:24:01"
"https://www.linkedin.com/jobs/view/4269534718","Data Analyst Intern","WebBoost Solutions by UM","","2025-07-18","17:24:01"
"https://www.linkedin.com/jobs/view/4269533953","Data Analyst Intern","WebBoost Solutions by UM","","2025-07-18","17:24:01"
"https://www.linkedin.com/jobs/view/4269538569","Data Analyst Intern","WebBoost Solutions by UM","","2025-07-18","17:24:01"
"https://www.linkedin.com/jobs/view/4269006894","Data Analyst Intern","Unified Mentor Private Limited","","2025-07-18","17:24:01"
"https://www.linkedin.com/jobs/view/4269570936","Data Analyst Intern","WebBoost Solutions by UM","","2025-07-18","19:18:07"
"https://www.linkedin.com/jobs/view/4269033702","AI Engineering Intern – Full Stack (Remote)","BotifyNow AI","","2025-07-18","19:18:07"
"https://www.linkedin.com/jobs/view/4269579371","Data Analyst Intern","WebBoost Solutions by UM","","2025-07-18","19:40:30"
"https://www.linkedin.com/jobs/view/4269043085","Data Analyst Intern","Unified Mentor Private Limited","","2025-07-18","19:40:30"
"https://www.linkedin.com/jobs/view/4269591411","Data Analyst Intern","WebBoost Solutions by UM","","2025-07-18","20:44:45"
"https://www.linkedin.com/jobs/view/4269047002","Data Analyst Intern","Unified Mentor Private Limited","","2025-07-18","20:44:45"
"https://www.linkedin.com/jobs/view/4260900096","Data Analyst Intern","Optimspace.in","","2025-07-18","23:21:37"
"https://www.linkedin.com/jobs/view/4269063329","Data Analyst Intern","Optimspace.in","","2025-07-18","23:21:37"
"https://www.linkedin.com/jobs/view/4267885160","Fresher Data Analyst","CryptoChakra","","2025-07-19","03:24:03"
"https://www.linkedin.com/jobs/view/4269856887","Data Analyst Intern","SkillFied Mentor","","2025-07-19","04:06:05"
"https://www.linkedin.com/jobs/view/4269857640","Data Analyst Intern","SkillFied Mentor","","2025-07-19","04:06:05"
"https://www.linkedin.com/jobs/view/4269864299","Data Analyst Intern","WebBoost Solutions by UM","","2025-07-19","04:53:04"
"https://www.linkedin.com/jobs/view/4269865157","Data Analyst Intern","WebBoost Solutions by UM","","2025-07-19","04:53:04"
"https://www.linkedin.com/jobs/view/4269858767","Data Analyst Intern","WebBoost Solutions by UM","","2025-07-19","04:53:04"
"https://www.linkedin.com/jobs/view/4269865110","Data Analyst Intern","WebBoost Solutions by UM","","2025-07-19","04:53:04"
"https://www.linkedin.com/jobs/view/4269860528","Data Analyst Intern","WebBoost Solutions by UM","","2025-07-19","04:53:04"
"https://www.linkedin.com/jobs/view/4269414038","Data Analyst Intern","Unified Mentor Private Limited","","2025-07-19","04:53:04"
"https://www.linkedin.com/jobs/view/4269864506","Data Analyst Intern","WebBoost Solutions by UM","","2025-07-19","05:23:27"
"https://www.linkedin.com/jobs/view/4269867261","Data Analyst Intern","Oshodata","Noida, Uttar Pradesh, India","2025-07-19","05:46:15"
"https://www.linkedin.com/jobs/view/4269420084","Data Analyst Intern","Unified Mentor Private Limited","","2025-07-19","05:46:15"
"https://www.linkedin.com/jobs/view/4269887274","Data Analyst Intern","SkillFied Mentor","","2025-07-19","06:31:51"
"https://www.linkedin.com/jobs/view/4269893160","Data Analyst Intern","Joveo","Bangalore Urban, Karnataka, India","2025-07-19","07:40:42"
"https://www.linkedin.com/jobs/view/4269890643","Data Analyst Intern","SkillFied Mentor","","2025-07-19","07:40:42"
"https://www.linkedin.com/jobs/view/4269894613","Data Analyst Intern","WebBoost Solutions by UM","","2025-07-19","08:28:09"
"https://www.linkedin.com/jobs/view/4269904084","Data Analyst Intern","SkillFied Mentor","","2025-07-19","09:42:23"
"https://www.linkedin.com/jobs/view/4269901521","Data Analyst Intern","Innovate Solutions","","2025-07-19","10:23:17"
"https://www.linkedin.com/jobs/view/4269899793","Data Analyst Intern","SkillFied Mentor","","2025-07-19","10:23:17"
"https://www.linkedin.com/jobs/view/4269446557","Data Analyst Intern (Unpaid)","PD Consulting","","2025-07-19","10:46:51"
"https://www.linkedin.com/jobs/view/4269900704","Machine Learning Engineer","WebBoost Solutions by UM","","2025-07-19","10:46:51"
"https://www.linkedin.com/jobs/view/4267897352","Data Scientist Intern","Durja AI","","2025-07-19","14:19:36"
"https://www.linkedin.com/jobs/view/4269709013","Data Analyst Intern","InLighnX Global Private Limited","","2025-07-19","14:19:36"
"https://www.linkedin.com/jobs/view/4267894926","Data Analyst Intern","InLighnX Global Pvt Ltd (InLighn Tech)","","2025-07-19","14:43:31"
"https://www.linkedin.com/jobs/view/4269706706","Data Analyst Intern","Unified Mentor Private Limited","","2025-07-19","14:43:31"
"https://www.linkedin.com/jobs/view/4269706698","Data Analyst Intern","Unified Mentor Private Limited","","2025-07-19","14:43:31"
"https://www.linkedin.com/jobs/view/4269927599","Data Analyst Intern","WebBoost Solutions by UM","","2025-07-19","17:20:02"
"https://www.linkedin.com/jobs/view/4269929136","Data Analyst Intern","WebBoost Solutions by UM","","2025-07-19","17:20:02"
"https://www.linkedin.com/jobs/view/4269929213","Data Analyst Intern","WebBoost Solutions by UM","","2025-07-19","17:20:02"
"https://www.linkedin.com/jobs/view/4269714927","Data Analyst Intern","Unified Mentor Private Limited","","2025-07-19","17:44:15"
"https://www.linkedin.com/jobs/view/4269722048","Data Analyst Intern","Unified Mentor Private Limited","","2025-07-19","18:29:59"
"https://www.linkedin.com/jobs/view/4269936221","Data Analyst Intern","SkillFied Mentor","","2025-07-19","18:52:34"
"https://www.linkedin.com/jobs/view/4269931783","Data Analyst Intern","SkillFied Mentor","","2025-07-19","19:17:10"
"https://www.linkedin.com/jobs/view/4269937579","Data Analyst Intern","WebBoost Solutions by UM","","2025-07-19","20:24:01"
"https://www.linkedin.com/jobs/view/4266340323","Cloud Engineer Intern","CoreXtech IT Services Pvt. Ltd.","","2025-07-19","22:20:55"
"https://www.linkedin.com/jobs/view/4269972845","Data Analyst Intern","Workassist","Bengaluru, Karnataka, India","2025-07-20","04:44:02"
"https://www.linkedin.com/jobs/view/4269980091","Data Analyst Intern","WebBoost Solutions by UM","","2025-07-20","04:44:02"
"https://www.linkedin.com/jobs/view/4269775279","Data Analyst Intern","Optimspace.in","","2025-07-20","04:44:02"
"https://www.linkedin.com/jobs/view/4269972893","Data Analyst Intern","SkillFied Mentor","","2025-07-20","04:44:02"
"https://www.linkedin.com/jobs/view/4269976569","Data Analyst Intern","SkillFied Mentor","","2025-07-20","04:44:02"
"https://www.linkedin.com/jobs/view/4269974746","Data Analyst Intern","WebBoost Solutions by UM","","2025-07-20","04:44:02"
"https://www.linkedin.com/jobs/view/4269977468","Data Analyst Intern","WebBoost Solutions by UM","","2025-07-20","04:44:02"
"https://www.linkedin.com/jobs/view/4269777289","Data Analyst Intern","Unified Mentor Private Limited","","2025-07-20","05:26:51"
"https://www.linkedin.com/jobs/view/4269771398","Data Analyst Intern","Unified Mentor Private Limited","","2025-07-20","05:26:51"
"https://www.linkedin.com/jobs/view/4269771864","Data Analyst Intern","Optimspace.in","","2025-07-20","05:49:44"
"https://www.linkedin.com/jobs/view/4270415149","Data Analyst Intern","WebBoost Solutions by UM","","2025-07-20","09:22:11"
"https://www.linkedin.com/jobs/view/4270408631","Data Analyst Intern","WebBoost Solutions by UM","","2025-07-20","09:22:11"
"https://www.linkedin.com/jobs/view/4270412318","Data Analyst Intern","WebBoost Solutions by UM","","2025-07-20","09:22:11"
"https://www.linkedin.com/jobs/view/4270022071","Data Analyst Intern","Unified Mentor Private Limited","","2025-07-20","09:22:11"
"https://www.linkedin.com/jobs/view/4270024013","Data Analyst Intern","Unified Mentor Private Limited","","2025-07-20","09:42:34"
"https://www.linkedin.com/jobs/view/4270409895","Data Analyst Intern","SkillFied Mentor","","2025-07-20","11:18:17"
"https://www.linkedin.com/jobs/view/4270410921","Data Analyst Intern","SkillFied Mentor","","2025-07-20","11:18:17"
"https://www.linkedin.com/jobs/view/4270419585","Data Analyst Intern","WebBoost Solutions by UM","","2025-07-20","12:42:35"
"https://www.linkedin.com/jobs/view/4270421497","Data Analyst Intern","WebBoost Solutions by UM","","2025-07-20","12:42:35"
"https://www.linkedin.com/jobs/view/4270027864","Data Analyst Intern","Unified Mentor Private Limited","","2025-07-20","14:19:48"
"https://www.linkedin.com/jobs/view/4270427460","Data Analyst Intern","WebBoost Solutions by UM","","2025-07-20","14:19:48"
"https://www.linkedin.com/jobs/view/4270433055","Data Analyst Intern","WebBoost Solutions by UM","","2025-07-20","14:19:48"
"https://www.linkedin.com/jobs/view/4270430300","Data Analyst Intern","WebBoost Solutions by UM","","2025-07-20","14:19:48"
"https://www.linkedin.com/jobs/view/4270034229","Data Analyst Intern","Unified Mentor Private Limited","","2025-07-20","14:19:48"
"https://www.linkedin.com/jobs/view/4270428498","Data Analyst Intern","SkillFied Mentor","","2025-07-20","14:43:47"
"https://www.linkedin.com/jobs/view/4270425821","Data Analyst Intern","SkillFied Mentor","","2025-07-20","14:43:47"
"https://www.linkedin.com/jobs/view/4270426765","Data Analyst Intern","Innovate Solutions","","2025-07-20","15:21:45"
"https://www.linkedin.com/jobs/view/4270437429","Data Analyst Intern","WebBoost Solutions by UM","","2025-07-20","18:30:14"
"https://www.linkedin.com/jobs/view/4270442015","Data Analyst Intern","WebBoost Solutions by UM","","2025-07-20","18:30:14"
"https://www.linkedin.com/jobs/view/4270435545","Data Analyst Intern","WebBoost Solutions by UM","","2025-07-20","18:53:05"
"https://www.linkedin.com/jobs/view/4270049356","Data Analyst Intern","Unified Mentor Private Limited","","2025-07-20","19:17:16"
"https://www.linkedin.com/jobs/view/4270046797","Data Analyst Intern","Unified Mentor Private Limited","","2025-07-20","19:38:58"
"https://www.linkedin.com/jobs/view/4270482166","Data Analyst Intern","SkillFied Mentor","","2025-07-21","03:53:10"
"https://www.linkedin.com/jobs/view/4260699425","Data Analyst Intern","Optimspace.in","","2025-07-21","03:53:10"
"https://www.linkedin.com/jobs/view/4270480286","Data Analyst Intern","SkillFied Mentor","","2025-07-21","03:53:10"
"https://www.linkedin.com/jobs/view/4270070456","Data Analyst Intern","Unified Mentor Private Limited","","2025-07-21","04:45:48"
"https://www.linkedin.com/jobs/view/4270068569","Data Analyst Intern","Unified Mentor Private Limited","","2025-07-21","05:28:58"
"https://www.linkedin.com/jobs/view/4270233383","AI Engineer (Intern)","Sarvam","Bengaluru, Karnataka, India","2025-07-21","10:26:21"
"https://in.indeed.com/viewjob?jk=7ccc075da59889b1","Intern – Cloud Engineer AWS","HINDUSTAN STANDARDS BUREAU","KA, IN","2025-07-21","10:51:02"
"https://www.linkedin.com/jobs/view/4270621748","DevOps Intern","Vegapay","Bengaluru, Karnataka, India","2025-07-21","10:51:02"
"https://www.linkedin.com/jobs/view/4270623952","Data Analyst Intern","SkillFied Mentor","","2025-07-21","10:51:02"
"https://www.linkedin.com/jobs/view/4270623925","Data Analyst Intern","SkillFied Mentor","","2025-07-21","11:20:21"
"https://www.linkedin.com/jobs/view/4270652914","Data Analyst Intern","WebBoost Solutions by UM","","2025-07-21","12:49:46"
"https://www.linkedin.com/jobs/view/4270252579","Data Analyst Intern","Unified Mentor Private Limited","","2025-07-21","12:49:46"
"https://www.linkedin.com/jobs/view/4270252828","Data Analyst Intern","Unified Mentor Private Limited","","2025-07-21","12:49:46"
"https://in.indeed.com/viewjob?jk=f9c14c9616de8a55","AI Engineering Intern","Starwatch technologies","Remote, IN","2025-07-21","13:40:21"
"https://www.linkedin.com/jobs/view/4270686565","Data Analyst Intern","WebBoost Solutions by UM","","2025-07-21","13:40:21"
"https://www.linkedin.com/jobs/view/4270688015","Data Analyst Intern","WebBoost Solutions by UM","","2025-07-21","14:24:25"
"https://www.linkedin.com/jobs/view/4270262454","Data Analyst","Zetheta Algorithms Private Limited","","2025-07-21","14:24:25"
"https://www.linkedin.com/jobs/view/4270269995","Data Analyst Intern","SkillFied Mentor","","2025-07-21","15:25:10"
"https://www.linkedin.com/jobs/view/4270274294","Data Analyst Intern","SkillFied Mentor","","2025-07-21","15:25:10"
"https://www.linkedin.com/jobs/view/4270624203","Data Analyst Intern","Iclivia","","2025-07-21","15:25:10"
"https://www.linkedin.com/jobs/view/4270281110","Data Analyst Intern","Unified Mentor Private Limited","","2025-07-21","16:29:43"
"https://www.linkedin.com/jobs/view/4270279228","Data Analyst Intern","Unified Mentor Private Limited","","2025-07-21","17:22:40"
"https://www.linkedin.com/jobs/view/4271019744","Data Analyst Intern","WebBoost Solutions by UM","","2025-07-21","17:22:40"
"https://www.linkedin.com/jobs/view/4271023098","Data Analyst Intern","WebBoost Solutions by UM","","2025-07-21","17:47:33"
"https://www.linkedin.com/jobs/view/4271040803","Data Analyst Intern","WebBoost Solutions by UM","","2025-07-21","19:19:12"
"https://www.linkedin.com/jobs/view/4271054427","Cloud Engineer Intern","CoreXtech IT Services Pvt. Ltd.","","2025-07-21","19:19:12"
"https://www.linkedin.com/jobs/view/4270551510","Data Engineer Intern 252407","MOC Spark","","2025-07-22","01:55:54"
"https://www.linkedin.com/jobs/view/4271150051","Data Analyst Intern","SkillFied Mentor","","2025-07-22","04:40:26"
"https://www.linkedin.com/jobs/view/4271151004","Data Analyst Intern","SkillFied Mentor","","2025-07-22","04:40:26"
"https://www.linkedin.com/jobs/view/4271150837","Data Analyst Intern","WebBoost Solutions by UM","","2025-07-22","05:26:47"
"https://www.linkedin.com/jobs/view/4271153434","Data Analyst Intern","Optimspace.in","","2025-07-22","05:26:47"
